title,lyrics,tags,instrumental,model
,"[Intro]

[Verse]
Blessed is the man who walks not in the counsel of the wicked,
    nor stands in the way of sinners,
nor sits in the seat of scoffers,
    but his delight is in the law of the Lord,

[pre-chorus]
and on his law he meditates day and night,
    He is like a tree planted by streams of water that yields its fruit in its season,
and its leaf does not wither,
    In all that he does, he prospers,

[Chorus]
Therefore the wicked will not stand in the judgment,
    nor sinners in the congregation of the righteous,
Therefore the wicked will not stand in the judgment,
    The Way of the Righteous and the Wicked.

[Verse]
and on his law he meditates day and night,
    He is like a tree planted by streams of water that yields its fruit in its season,
and its leaf does not wither,
    In all that he does, he prospers,

[pre-chorus]
and on his law he meditates day and night,
    He is like a tree planted by streams of water that yields its fruit in its season,
and its leaf does not wither,
    In all that he does, he prospers,

[Chorus]
Therefore the wicked will not stand in the judgment,
    nor sinners in the congregation of the righteous,
Therefore the wicked will not stand in the judgment,
    The Way of the Righteous and the Wicked.

[Bridge | Stripped Back | Intimate]
The wicked are not so,
    but are like chaff that the wind drives away,
Therefore the wicked will not stand in the judgment,
    nor sinners in the congregation of the righteous,

[Breakdown | Building | Full Band]
for the Lord knows the way of the righteous,
    but the way of the wicked will perish,
The wicked are not so,
    but are like chaff that the wind drives away,
",,false,chirp-fenix
,"[Intro]

[Verse]
Why do the nations rage and the peoples plot in vain,
    The kings of the earth set themselves,
and the rulers take counsel together,
    against the Lord and against his Anointed,

[pre-chorus]
I will tell of the decree : The Lord said to me,
    You are my Son,
today I have begotten you,
    Ask of me, and I will make the nations your heritage,

[Chorus]
lest he be angry,
    and you perish in the way,
lest he be angry,
    The Reign of the Lord ’s Anointed.

[Verse]
Then he will speak to them in his wrath,
    and terrify them in his fury,
saying,
    As for me, I have set my King on Zion, my holy hill,

[pre-chorus]
I will tell of the decree : The Lord said to me,
    You are my Son,
today I have begotten you,
    Ask of me, and I will make the nations your heritage,

[Chorus]
lest he be angry,
    and you perish in the way,
lest he be angry,
    The Reign of the Lord ’s Anointed.

[Bridge | Stripped Back | Intimate]
and the ends of the earth your possession,
    You shall break them with a rod of iron and dash them in pieces like a potter’s vessel,
Now therefore, O kings, be wise,
    be warned, O rulers of the earth,

[Breakdown | Building | Full Band]
Serve the Lord with fear, and rejoice with trembling,
    Kiss the Son,
lest he be angry,
    and you perish in the way,
",,false,chirp-fenix
,"[Intro]

[Verse]
O Lord, how many are my foes! Many are rising against me,
    many are saying of my soul,
there is no salvation for him in God,
    But you, O Lord,

[pre-chorus]
my glory, and the lifter of my head,
    I cried aloud to the Lord,
and he answered me from his holy hill,
    I lay down and slept,

[Chorus]
O my God! For you strike all my enemies on the cheek,
    you break the teeth of the wicked,
O my God! For you strike all my enemies on the cheek,
    Save Me, O My God.

[Verse]
my glory, and the lifter of my head,
    I cried aloud to the Lord,
and he answered me from his holy hill,
    I lay down and slept,

[pre-chorus]
my glory, and the lifter of my head,
    I cried aloud to the Lord,
and he answered me from his holy hill,
    I lay down and slept,

[Chorus]
O my God! For you strike all my enemies on the cheek,
    you break the teeth of the wicked,
O my God! For you strike all my enemies on the cheek,
    Save Me, O My God.

[Bridge | Stripped Back | Intimate]
I will not be afraid of many thousands of people who have set themselves against me all around,
    Arise, O Lord! Save me,
O my God! For you strike all my enemies on the cheek,
    you break the teeth of the wicked,

[Breakdown | Building | Full Band]
Salvation belongs to the Lord,
    your blessing be on your people,
I will not be afraid of many thousands of people who have set themselves against me all around,
    Arise, O Lord! Save me,
",,false,chirp-fenix
,"[Intro]

[Verse]
Answer me when I call,
    O God of my righteousness! You have given me relief when I was in distress,
Be gracious to me and hear my prayer,
    O men, how long shall my honor be turned into shame? How long will you love vain words and seek after lies,

[pre-chorus]
the Lord hears when I call to him,
    Be angry, and do not sin,
ponder in your own hearts on your beds, and be silent,
    Offer right sacrifices, and put your trust in the Lord,

[Chorus]
O Lord,
    You have put more joy in my heart than they have when their grain and wine abound,
O Lord,
    Answer Me When I Call.

[Verse]
the Lord hears when I call to him,
    Be angry, and do not sin,
ponder in your own hearts on your beds, and be silent,
    Offer right sacrifices, and put your trust in the Lord,

[pre-chorus]
the Lord hears when I call to him,
    Be angry, and do not sin,
ponder in your own hearts on your beds, and be silent,
    Offer right sacrifices, and put your trust in the Lord,

[Chorus]
O Lord,
    You have put more joy in my heart than they have when their grain and wine abound,
O Lord,
    Answer Me When I Call.

[Bridge | Stripped Back | Intimate]
Who will show us some good? Lift up the light of your face upon us,
    O Lord,
You have put more joy in my heart than they have when their grain and wine abound,
    In peace I will both lie down and sleep,

[Breakdown | Building | Full Band]
for you alone, O Lord, make me dwell in safety,
    Who will show us some good? Lift up the light of your face upon us,
O Lord,
    You have put more joy in my heart than they have when their grain and wine abound,
",,false,chirp-fenix
,"[Intro]

[Verse]
Give ear to my words, O Lord,
    consider my groaning,
Give attention to the sound of my cry,
    my King and my God,

[pre-chorus]
I will bow down toward your holy temple in the fear of you,
    Lead me, O Lord,
in your righteousness because of my enemies,
    make your way straight before me,

[Chorus]
and spread your protection over them,
    that those who love your name may exult in you,
and spread your protection over them,
    Lead Me in Your Righteousness.

[Verse]
You destroy those who speak lies,
    the Lord abhors the bloodthirsty and deceitful man,
But I, through the abundance of your steadfast love,
    will enter your house,

[pre-chorus]
I will bow down toward your holy temple in the fear of you,
    Lead me, O Lord,
in your righteousness because of my enemies,
    make your way straight before me,

[Chorus]
and spread your protection over them,
    that those who love your name may exult in you,
and spread your protection over them,
    Lead Me in Your Righteousness.

[Bridge | Stripped Back | Intimate]
they flatter with their tongue,
    Make them bear their guilt, O God,
let them fall by their own counsels,
    because of the abundance of their transgressions cast them out,

[Breakdown | Building | Full Band]
for they have rebelled against you,
    But let all who take refuge in you rejoice,
let them ever sing for joy,
    and spread your protection over them,
",,false,chirp-fenix
,"[Intro]

[Verse]
O Lord, rebuke me not in your anger,
    nor discipline me in your wrath,
Be gracious to me, O Lord, for I am languishing,
    heal me, O Lord, for my bones are troubled,

[pre-chorus]
save me for the sake of your steadfast love,
    For in death there is no remembrance of you,
in Sheol who will give you praise,
    I am weary with my moaning,

[Chorus]
The Lord has heard my plea,
    the Lord accepts my prayer,
The Lord has heard my plea,
    O Lord, Deliver My Life.

[Verse]
save me for the sake of your steadfast love,
    For in death there is no remembrance of you,
in Sheol who will give you praise,
    I am weary with my moaning,

[pre-chorus]
save me for the sake of your steadfast love,
    For in death there is no remembrance of you,
in Sheol who will give you praise,
    I am weary with my moaning,

[Chorus]
The Lord has heard my plea,
    the Lord accepts my prayer,
The Lord has heard my plea,
    O Lord, Deliver My Life.

[Bridge | Stripped Back | Intimate]
it grows weak because of all my foes,
    Depart from me,
all you workers of evil,
    for the Lord has heard the sound of my weeping,

[Breakdown | Building | Full Band]
The Lord has heard my plea,
    the Lord accepts my prayer,
All my enemies shall be ashamed and greatly troubled,
    they shall turn back and be put to shame in a moment,
",,false,chirp-fenix
,"[Intro]

[Verse]
O Lord my God, in you do I take refuge,
    save me from all my pursuers and deliver me,
lest like a lion they tear my soul apart,
    rending it in pieces,

[pre-chorus]
The Lord judges the peoples,
    judge me, O Lord,
according to my righteousness and according to the integrity that is in me,
    Oh, let the evil of the wicked come to an end,

[Chorus]
and on his own skull his violence descends,
    I will give to the Lord the thanks due to his righteousness,
and on his own skull his violence descends,
    In You Do I Take Refuge A Shiggaion of David, which he sang to the Lord concerning the words of Cush, a Benjaminite.

[Verse]
awake for me,
    you have appointed a judgment,
Let the assembly of the peoples be gathered about you,
    over it return on high,

[pre-chorus]
The Lord judges the peoples,
    judge me, O Lord,
according to my righteousness and according to the integrity that is in me,
    Oh, let the evil of the wicked come to an end,

[Chorus]
and on his own skull his violence descends,
    I will give to the Lord the thanks due to his righteousness,
and on his own skull his violence descends,
    In You Do I Take Refuge A Shiggaion of David, which he sang to the Lord concerning the words of Cush, a Benjaminite.

[Bridge | Stripped Back | Intimate]
If a man does not repent, God will whet his sword,
    he has bent and readied his bow,
he has prepared for him his deadly weapons,
    making his arrows fiery shafts,

[Breakdown | Building | Full Band]
Behold, the wicked man conceives evil and is pregnant with mischief and gives birth to lies,
    He makes a pit,
digging it out,
    and falls into the hole that he has made,
",,false,chirp-fenix
,"[Intro]

[Verse]
O Lord, our Lord,
    how majestic is your name in all the earth! You have set your glory above the heavens,
Out of the mouth of babies and infants,
    you have established strength because of your foes,

[pre-chorus]
the work of your fingers,
    the moon and the stars,
which you have set in place,
    what is man that you are mindful of him,

[Chorus]
and the fish of the sea,
    whatever passes along the paths of the seas,
and the fish of the sea,
    How Majestic Is Your Name.

[Verse]
the work of your fingers,
    the moon and the stars,
which you have set in place,
    what is man that you are mindful of him,

[pre-chorus]
the work of your fingers,
    the moon and the stars,
which you have set in place,
    what is man that you are mindful of him,

[Chorus]
and the fish of the sea,
    whatever passes along the paths of the seas,
and the fish of the sea,
    How Majestic Is Your Name.

[Bridge | Stripped Back | Intimate]
You have given him dominion over the works of your hands,
    you have put all things under his feet,
all sheep and oxen, and also the beasts of the field,
    the birds of the heavens,

[Breakdown | Building | Full Band]
and the fish of the sea,
    whatever passes along the paths of the seas,
O Lord, our Lord,
    how majestic is your name in all the earth,
",,false,chirp-fenix
,"[Intro]

[Verse]
I will give thanks to the Lord with my whole heart,
    I will recount all of your wonderful deeds,
I will be glad and exult in you,
    I will sing praise to your name, O Most High,

[pre-chorus]
a stronghold in times of trouble,
    And those who know your name put their trust in you,
for you, O Lord,
    have not forsaken those who seek you,

[Chorus]
Arise, O Lord! Let not man prevail,
    let the nations be judged before you,
Arise, O Lord! Let not man prevail,
    I Will Recount Your Wonderful Deeds.

[Verse]
he has established his throne for justice,
    and he judges the world with righteousness,
he judges the peoples with uprightness,
    The Lord is a stronghold for the oppressed,

[pre-chorus]
a stronghold in times of trouble,
    And those who know your name put their trust in you,
for you, O Lord,
    have not forsaken those who seek you,

[Chorus]
Arise, O Lord! Let not man prevail,
    let the nations be judged before you,
Arise, O Lord! Let not man prevail,
    I Will Recount Your Wonderful Deeds.

[Bridge | Stripped Back | Intimate]
that I may recount all your praises,
    that in the gates of the daughter of Zion I may rejoice in your salvation,
The nations have sunk in the pit that they made,
    in the net that they hid,

[Breakdown | Building | Full Band]
their own foot has been caught,
    The Lord has made himself known,
he has executed judgment,
    the wicked are snared in the work of their own hands,
",,false,chirp-fenix
,"[Intro]

[Verse]
Make a joyful noise to the Lord, all the earth,
    Serve the Lord with gladness! Come into his presence with singing,
Know that the Lord,
    he is God! It is he who made us,

[pre-chorus]
and we are his,
    we are his people, and the sheep of his pasture,
Enter his gates with thanksgiving,
    and his courts with praise! Give thanks to him,

[Chorus]
bless his name,
    For the Lord is good,
bless his name,
    His Steadfast Love Endures Forever A Psalm for giving thanks.

[Verse]
and we are his,
    we are his people, and the sheep of his pasture,
Enter his gates with thanksgiving,
    and his courts with praise! Give thanks to him,

[pre-chorus]
and we are his,
    we are his people, and the sheep of his pasture,
Enter his gates with thanksgiving,
    and his courts with praise! Give thanks to him,

[Chorus]
bless his name,
    For the Lord is good,
bless his name,
    His Steadfast Love Endures Forever A Psalm for giving thanks.

[Bridge | Stripped Back | Intimate]
bless his name,
    For the Lord is good,
his steadfast love endures forever,
    and his faithfulness to all generations,

[Breakdown | Building | Full Band]
bless his name,
    For the Lord is good,
his steadfast love endures forever,
    and his faithfulness to all generations,
",,false,chirp-fenix
,"[Intro]

[Verse]
I will sing of steadfast love and justice,
    to you, O Lord, I will make music,
I will ponder the way that is blameless,
    Oh when will you come to me? I will walk with integrity of heart within my house,

[pre-chorus]
it shall not cling to me,
    A perverse heart shall be far from me,
I will know nothing of evil,
    Whoever slanders his neighbor secretly I will destroy,

[Chorus]
No one who practices deceit shall dwell in my house,
    no one who utters lies shall continue before my eyes,
No one who practices deceit shall dwell in my house,
    I Will Walk with Integrity.

[Verse]
it shall not cling to me,
    A perverse heart shall be far from me,
I will know nothing of evil,
    Whoever slanders his neighbor secretly I will destroy,

[pre-chorus]
it shall not cling to me,
    A perverse heart shall be far from me,
I will know nothing of evil,
    Whoever slanders his neighbor secretly I will destroy,

[Chorus]
No one who practices deceit shall dwell in my house,
    no one who utters lies shall continue before my eyes,
No one who practices deceit shall dwell in my house,
    I Will Walk with Integrity.

[Bridge | Stripped Back | Intimate]
that they may dwell with me,
    he who walks in the way that is blameless shall minister to me,
No one who practices deceit shall dwell in my house,
    no one who utters lies shall continue before my eyes,

[Breakdown | Building | Full Band]
Morning by morning I will destroy all the wicked in the land,
    cutting off all the evildoers from the city of the Lord,
that they may dwell with me,
    he who walks in the way that is blameless shall minister to me,
",,false,chirp-fenix
,"[Intro]

[Verse]
Hear my prayer, O Lord,
    let my cry come to you,
Do not hide your face from me in the day of my distress! Incline your ear to me,
    answer me speedily in the day when I call,

[pre-chorus]
You will arise and have pity on Zion,
    it is the time to favor her,
the appointed time has come,
    For your servants hold her stones dear and have pity on her dust,

[Chorus]
and they will pass away,
    but you are the same, and your years have no end,
and they will pass away,
    Do Not Hide Your Face from Me A Prayer of one afflicted, when he is faint and pours out his complaint before the Lord.

[Verse]
My days are like an evening shadow,
    I wither away like grass,
But you, O Lord, are enthroned forever,
    you are remembered throughout all generations,

[pre-chorus]
You will arise and have pity on Zion,
    it is the time to favor her,
the appointed time has come,
    For your servants hold her stones dear and have pity on her dust,

[Chorus]
and they will pass away,
    but you are the same, and your years have no end,
and they will pass away,
    Do Not Hide Your Face from Me A Prayer of one afflicted, when he is faint and pours out his complaint before the Lord.

[Bridge | Stripped Back | Intimate]
to set free those who were doomed to die,
    that they may declare in Zion the name of the Lord,
and in Jerusalem his praise,
    when peoples gather together,

[Breakdown | Building | Full Band]
and kingdoms,
    to worship the Lord,
He has broken my strength in midcourse,
    he has shortened my days,
",,false,chirp-fenix
,"[Intro]

[Verse]
Bless the Lord,
    O my soul, and all that is within me,
bless his holy name,
    Bless the Lord,

[pre-chorus]
so great is his steadfast love toward those who fear him,
    as far as the east is from the west,
so far does he remove our transgressions from us,
    As a father shows compassion to his children,

[Chorus]
Bless the Lord,
    all his works,
Bless the Lord,
    Bless the Lord, O My Soul.

[Verse]
nor will he keep his anger forever,
    He does not deal with us according to our sins,
nor repay us according to our iniquities,
    For as high as the heavens are above the earth,

[pre-chorus]
so great is his steadfast love toward those who fear him,
    as far as the east is from the west,
so far does he remove our transgressions from us,
    As a father shows compassion to his children,

[Chorus]
Bless the Lord,
    all his works,
Bless the Lord,
    Bless the Lord, O My Soul.

[Bridge | Stripped Back | Intimate]
But the steadfast love of the Lord is from everlasting to everlasting on those who fear him,
    and his righteousness to children’s children,
to those who keep his covenant and remember to do his commandments,
    The Lord has established his throne in the heavens,

[Breakdown | Building | Full Band]
and his kingdom rules over all,
    Bless the Lord,
O you his angels,
    you mighty ones who do his word,
",,false,chirp-fenix
,"[Intro]

[Verse]
! O Lord my God,
    you are very great! You are clothed with splendor and majesty,
covering yourself with light as with a garment,
    stretching out the heavens like a tent,

[pre-chorus]
oil to make his face shine and bread to strengthen man’s heart,
    The trees of the Lord are watered abundantly,
the cedars of Lebanon that he planted,
    In them the birds build their nests,

[Chorus]
for I rejoice in the Lord,
    Let sinners be consumed from the earth,
for I rejoice in the Lord,
    O Lord My God, You Are Very Great Bless the Lord, O my soul.

[Verse]
the earth is satisfied with the fruit of your work,
    You cause the grass to grow for the livestock and plants for man to cultivate,
that he may bring forth food from the earth,
    and wine to gladden the heart of man,

[pre-chorus]
oil to make his face shine and bread to strengthen man’s heart,
    The trees of the Lord are watered abundantly,
the cedars of Lebanon that he planted,
    In them the birds build their nests,

[Chorus]
for I rejoice in the Lord,
    Let sinners be consumed from the earth,
for I rejoice in the Lord,
    O Lord My God, You Are Very Great Bless the Lord, O my soul.

[Bridge | Stripped Back | Intimate]
living things both small and great,
    There go the ships,
and Leviathan,
    which you formed to play in it,

[Breakdown | Building | Full Band]
These all look to you,
    to give them their food in due season,
When you give it to them, they gather it up,
    when you open your hand,
",,false,chirp-fenix
,"[Intro]

[Verse]
call upon his name,
    make known his deeds among the peoples,
Sing to him, sing praises to him,
    tell of all his wondrous works,

[pre-chorus]
When he summoned a famine on the land and broke all supply of bread,
    he had sent a man ahead of them,
Joseph, who was sold as a slave,
    His feet were hurt with fetters,

[Chorus]
And he gave them the lands of the nations,
    and they took possession of the fruit of the peoples ’ toil,
And he gave them the lands of the nations,
    Tell of All His Wonderful Works Oh give thanks to the Lord.

[Verse]
he allowed no one to oppress them,
    he rebuked kings on their account,
saying, Touch not my anointed ones,
    do my prophets no harm,

[pre-chorus]
When he summoned a famine on the land and broke all supply of bread,
    he had sent a man ahead of them,
Joseph, who was sold as a slave,
    His feet were hurt with fetters,

[Chorus]
And he gave them the lands of the nations,
    and they took possession of the fruit of the peoples ’ toil,
And he gave them the lands of the nations,
    Tell of All His Wonderful Works Oh give thanks to the Lord.

[Bridge | Stripped Back | Intimate]
He spoke, and there came swarms of flies,
    and gnats throughout their country,
He gave them hail for rain,
    and fiery lightning bolts through their land,

[Breakdown | Building | Full Band]
He struck down their vines and fig trees,
    and shattered the trees of their country,
He spoke, and the locusts came,
    young locusts without number,
",,false,chirp-fenix
,"[Intro]

[Verse]
Praise the Lord! Oh give thanks to the Lord,
    for he is good,
for his steadfast love endures forever,
    Who can utter the mighty deeds of the Lord,

[pre-chorus]
the earth opened and swallowed up Dathan,
    and covered the company of Abiram,
Fire also broke out in their company,
    the flame burned up the wicked,

[Chorus]
Blessed be the Lord,
    the God of Israel,
Blessed be the Lord,
    Give Thanks to the Lord, for He Is Good.

[Verse]
he gave them what they asked,
    but sent a wasting disease among them,
When men in the camp were jealous of Moses and Aaron,
    the holy one of the Lord,

[pre-chorus]
the earth opened and swallowed up Dathan,
    and covered the company of Abiram,
Fire also broke out in their company,
    the flame burned up the wicked,

[Chorus]
Blessed be the Lord,
    the God of Israel,
Blessed be the Lord,
    Give Thanks to the Lord, for He Is Good.

[Bridge | Stripped Back | Intimate]
and it went ill with Moses on their account,
    for they made his spirit bitter,
and he spoke rashly with his lips,
    They did not destroy the peoples,

[Breakdown | Building | Full Band]
as the Lord commanded them,
    but they mixed with the nations and learned to do as they did,
They served their idols, which became a snare to them,
    They sacrificed their sons and their daughters to the demons,
",,false,chirp-fenix
,"[Intro]

[Verse]
Let the redeemed of the Lord say so,
    whom he has redeemed from trouble,
and gathered in from the lands,
    from the east and from the west,

[pre-chorus]
they loathed any kind of food,
    and they drew near to the gates of death,
Then they cried to the Lord in their trouble,
    and he delivered them from their distress,

[Chorus]
The upright see it and are glad,
    and all wickedness shuts its mouth,
The upright see it and are glad,
    Let the Redeemed of the Lord Say So Oh give thanks to the Lord, for he is good, for his steadfast love endures forever.

[Verse]
for his wondrous works to the children of man,
    For he shatters the doors of bronze and cuts in two the bars of iron,
Some were fools through their sinful ways,
    and because of their iniquities suffered affliction,

[pre-chorus]
they loathed any kind of food,
    and they drew near to the gates of death,
Then they cried to the Lord in their trouble,
    and he delivered them from their distress,

[Chorus]
The upright see it and are glad,
    and all wickedness shuts its mouth,
The upright see it and are glad,
    Let the Redeemed of the Lord Say So Oh give thanks to the Lord, for he is good, for his steadfast love endures forever.

[Bridge | Stripped Back | Intimate]
He made the storm be still,
    and the waves of the sea were hushed,
Then they were glad that the waters were quiet,
    and he brought them to their desired haven,

[Breakdown | Building | Full Band]
Let them thank the Lord for his steadfast love,
    for his wondrous works to the children of man,
Let them extol him in the congregation of the people,
    and praise him in the assembly of the elders,
",,false,chirp-fenix
,"[Intro]

[Verse]
My heart is steadfast,
    O God! I will sing and make melody with all my being,
Awake, O harp and lyre! I will awake the dawn,
    I will give thanks to you, O Lord, among the peoples,

[pre-chorus]
Gilead is mine,
    Manasseh is mine,
Ephraim is my helmet, Judah my scepter,
    Moab is my washbasin,

[Chorus]
Oh grant us help against the foe,
    for vain is the salvation of man,
Oh grant us help against the foe,
    With God We Shall Do Valiantly.

[Verse]
above the heavens! Let your glory be over all the earth,
    That your beloved ones may be delivered,
give salvation by your right hand and answer me,
    God has promised in his holiness : With exultation I will divide up Shechem and portion out the Valley of Succoth,

[pre-chorus]
Gilead is mine,
    Manasseh is mine,
Ephraim is my helmet, Judah my scepter,
    Moab is my washbasin,

[Chorus]
Oh grant us help against the foe,
    for vain is the salvation of man,
Oh grant us help against the foe,
    With God We Shall Do Valiantly.

[Bridge | Stripped Back | Intimate]
upon Edom I cast my shoe,
    over Philistia I shout in triumph,
Who will bring me to the fortified city? Who will lead me to Edom,
    Have you not rejected us,

[Breakdown | Building | Full Band]
O God? You do not go out,
    O God, with our armies,
Oh grant us help against the foe,
    for vain is the salvation of man,
",,false,chirp-fenix
,"[Intro]

[Verse]
Be not silent, O God of my praise,
    For wicked and deceitful mouths are opened against me,
speaking against me with lying tongues,
    They encircle me with words of hate,

[pre-chorus]
Let them be before the Lord continually,
    that he may cut off the memory of them from the earth,
For he did not remember to show kindness,
    but pursued the poor and needy and the brokenhearted,

[Chorus]
With my mouth I will give great thanks to the Lord,
    I will praise him in the midst of the throng,
With my mouth I will give great thanks to the Lord,
    Help Me, O Lord My God.

[Verse]
May his posterity be cut off,
    may his name be blotted out in the second generation,
May the iniquity of his fathers be remembered before the Lord,
    and let not the sin of his mother be blotted out,

[pre-chorus]
Let them be before the Lord continually,
    that he may cut off the memory of them from the earth,
For he did not remember to show kindness,
    but pursued the poor and needy and the brokenhearted,

[Chorus]
With my mouth I will give great thanks to the Lord,
    I will praise him in the midst of the throng,
With my mouth I will give great thanks to the Lord,
    Help Me, O Lord My God.

[Bridge | Stripped Back | Intimate]
because your steadfast love is good, deliver me,
    For I am poor and needy,
and my heart is stricken within me,
    I am gone like a shadow at evening,

[Breakdown | Building | Full Band]
I am shaken off like a locust,
    My knees are weak through fasting,
my body has become gaunt, with no fat,
    I am an object of scorn to my accusers,
",,false,chirp-fenix
,"[Intro]

[Verse]
? Why, O Lord,
    do you stand far away? Why do you hide yourself in times of trouble,
In arrogance the wicked hotly pursue the poor,
    let them be caught in the schemes that they have devised,

[pre-chorus]
he lurks that he may seize the poor,
    he seizes the poor when he draws him into his net,
The helpless are crushed,
    sink down, and fall by his might,

[Chorus]
you will strengthen their heart,
    you will incline your ear,
you will strengthen their heart,
    Why Do You Hide Yourself.

[Verse]
He sits in ambush in the villages,
    in hiding places he murders the innocent,
His eyes stealthily watch for the helpless,
    he lurks in ambush like a lion in his thicket,

[pre-chorus]
he lurks that he may seize the poor,
    he seizes the poor when he draws him into his net,
The helpless are crushed,
    sink down, and fall by his might,

[Chorus]
you will strengthen their heart,
    you will incline your ear,
you will strengthen their heart,
    Why Do You Hide Yourself.

[Bridge | Stripped Back | Intimate]
Why does the wicked renounce God and say in his heart,
    You will not call to account,
But you do see,
    for you note mischief and vexation,

[Breakdown | Building | Full Band]
that you may take it into your hands,
    to you the helpless commits himself,
you have been the helper of the fatherless,
    Break the arm of the wicked and evildoer,
",,false,chirp-fenix
,"[Intro]

[Verse]
The Lord says to my Lord : Sit at my right hand,
    until I make your enemies your footstool,
The Lord sends forth from Zion your mighty scepter,
    Rule in the midst of your enemies,

[pre-chorus]
in holy garments,
    from the womb of the morning,
the dew of your youth will be yours,
    The Lord has sworn and will not change his mind,

[Chorus]
filling them with corpses,
    he will shatter chiefs over the wide earth,
filling them with corpses,
    Sit at My Right Hand.

[Verse]
in holy garments,
    from the womb of the morning,
the dew of your youth will be yours,
    The Lord has sworn and will not change his mind,

[pre-chorus]
in holy garments,
    from the womb of the morning,
the dew of your youth will be yours,
    The Lord has sworn and will not change his mind,

[Chorus]
filling them with corpses,
    he will shatter chiefs over the wide earth,
filling them with corpses,
    Sit at My Right Hand.

[Bridge | Stripped Back | Intimate]
The Lord is at your right hand,
    he will shatter kings on the day of his wrath,
He will execute judgment among the nations,
    filling them with corpses,

[Breakdown | Building | Full Band]
he will shatter chiefs over the wide earth,
    He will drink from the brook by the way,
therefore he will lift up his head,
    The Lord is at your right hand,
",,false,chirp-fenix
,"[Intro]

[Verse]
Praise the Lord! I will give thanks to the Lord with my whole heart,
    in the company of the upright,
in the congregation,
    Great are the works of the Lord,

[pre-chorus]
He has caused his wondrous works to be remembered,
    the Lord is gracious and merciful,
He provides food for those who fear him,
    he remembers his covenant forever,

[Chorus]
Holy and awesome is his name,
    The fear of the Lord is the beginning of wisdom,
Holy and awesome is his name,
    Great Are the Lord ’s Works.

[Verse]
He has caused his wondrous works to be remembered,
    the Lord is gracious and merciful,
He provides food for those who fear him,
    he remembers his covenant forever,

[pre-chorus]
He has caused his wondrous works to be remembered,
    the Lord is gracious and merciful,
He provides food for those who fear him,
    he remembers his covenant forever,

[Chorus]
Holy and awesome is his name,
    The fear of the Lord is the beginning of wisdom,
Holy and awesome is his name,
    Great Are the Lord ’s Works.

[Bridge | Stripped Back | Intimate]
all his precepts are trustworthy,
    they are established forever and ever,
to be performed with faithfulness and uprightness,
    He sent redemption to his people,

[Breakdown | Building | Full Band]
he has commanded his covenant forever,
    Holy and awesome is his name,
The fear of the Lord is the beginning of wisdom,
    all those who practice it have a good understanding,
",,false,chirp-fenix
,"[Intro]

[Verse]
Praise the Lord! Blessed is the man who fears the Lord,
    who greatly delights in his commandments,
His offspring will be mighty in the land,
    the generation of the upright will be blessed,

[pre-chorus]
He is not afraid of bad news,
    his heart is firm, trusting in the Lord,
His heart is steady,
    he will not be afraid,

[Chorus]
his horn is exalted in honor,
    The wicked man sees it and is angry,
his horn is exalted in honor,
    The Righteous Will Never Be Moved.

[Verse]
It is well with the man who deals generously and lends,
    who conducts his affairs with justice,
For the righteous will never be moved,
    he will be remembered forever,

[pre-chorus]
He is not afraid of bad news,
    his heart is firm, trusting in the Lord,
His heart is steady,
    he will not be afraid,

[Chorus]
his horn is exalted in honor,
    The wicked man sees it and is angry,
his horn is exalted in honor,
    The Righteous Will Never Be Moved.

[Bridge | Stripped Back | Intimate]
until he looks in triumph on his adversaries,
    He has distributed freely,
he has given to the poor,
    his righteousness endures forever,

[Breakdown | Building | Full Band]
his horn is exalted in honor,
    The wicked man sees it and is angry,
he gnashes his teeth and melts away,
    the desire of the wicked will perish,
",,false,chirp-fenix
,"[Intro]

[Verse]
? Praise the Lord! Praise,
    O servants of the Lord,
praise the name of the Lord,
    Blessed be the name of the Lord from this time forth and forevermore,

[pre-chorus]
the name of the Lord is to be praised,
    The Lord is high above all nations,
and his glory above the heavens,
    Who is like the Lord our God, who is seated on high,

[Chorus]
with the princes of his people,
    He gives the barren woman a home,
with the princes of his people,
    Who Is like the Lord Our God.

[Verse]
the name of the Lord is to be praised,
    The Lord is high above all nations,
and his glory above the heavens,
    Who is like the Lord our God, who is seated on high,

[pre-chorus]
the name of the Lord is to be praised,
    The Lord is high above all nations,
and his glory above the heavens,
    Who is like the Lord our God, who is seated on high,

[Chorus]
with the princes of his people,
    He gives the barren woman a home,
with the princes of his people,
    Who Is like the Lord Our God.

[Bridge | Stripped Back | Intimate]
He raises the poor from the dust and lifts the needy from the ash heap,
    to make them sit with princes,
with the princes of his people,
    He gives the barren woman a home,

[Breakdown | Building | Full Band]
making her the joyous mother of children,
    Praise the Lord,
He raises the poor from the dust and lifts the needy from the ash heap,
    to make them sit with princes,
",,false,chirp-fenix
,"[Intro]

[Verse]
Judah became his sanctuary, Israel his dominion,
    The sea looked and fled,
Jordan turned back,
    The mountains skipped like rams, the hills like lambs,

[pre-chorus]
What ails you,
    O sea, that you flee? O Jordan,
that you turn back,
    O mountains, that you skip like rams? O hills,

[Chorus]
at the presence of the Lord,
    at the presence of the God of Jacob,
at the presence of the Lord,
    Tremble at the Presence of the Lord When Israel went out from Egypt, the house of Jacob from a people of strange language.

[Verse]
What ails you,
    O sea, that you flee? O Jordan,
that you turn back,
    O mountains, that you skip like rams? O hills,

[pre-chorus]
What ails you,
    O sea, that you flee? O Jordan,
that you turn back,
    O mountains, that you skip like rams? O hills,

[Chorus]
at the presence of the Lord,
    at the presence of the God of Jacob,
at the presence of the Lord,
    Tremble at the Presence of the Lord When Israel went out from Egypt, the house of Jacob from a people of strange language.

[Bridge | Stripped Back | Intimate]
like lambs,
    Tremble, O earth,
at the presence of the Lord,
    at the presence of the God of Jacob,

[Breakdown | Building | Full Band]
who turns the rock into a pool of water,
    the flint into a spring of water,
like lambs,
    Tremble, O earth,
",,false,chirp-fenix
,"[Intro]

[Verse]
O Lord, not to us,
    but to your name give glory,
for the sake of your steadfast love and your faithfulness,
    Why should the nations say, Where is their God,

[pre-chorus]
so do all who trust in them,
    O Israel, trust in the Lord! He is their help and their shield,
O house of Aaron,
    trust in the Lord! He is their help and their shield,

[Chorus]
The dead do not praise the Lord,
    nor do any who go down into silence,
The dead do not praise the Lord,
    To Your Name Give Glory Not to us.

[Verse]
They have hands, but do not feel,
    feet, but do not walk,
and they do not make a sound in their throat,
    Those who make them become like them,

[pre-chorus]
so do all who trust in them,
    O Israel, trust in the Lord! He is their help and their shield,
O house of Aaron,
    trust in the Lord! He is their help and their shield,

[Chorus]
The dead do not praise the Lord,
    nor do any who go down into silence,
The dead do not praise the Lord,
    To Your Name Give Glory Not to us.

[Bridge | Stripped Back | Intimate]
he will bless the house of Israel,
    he will bless the house of Aaron,
he will bless those who fear the Lord,
    both the small and the great,

[Breakdown | Building | Full Band]
May the Lord give you increase, you and your children,
    May you be blessed by the Lord,
who made heaven and earth,
    The heavens are the Lord ’s heavens,
",,false,chirp-fenix
,"[Intro]

[Verse]
I love the Lord,
    because he has heard my voice and my pleas for mercy,
Because he inclined his ear to me,
    therefore I will call on him as long as I live,

[pre-chorus]
For you have delivered my soul from death,
    my eyes from tears,
my feet from stumbling,
    I will walk before the Lord in the land of the living,

[Chorus]
in the courts of the house of the Lord,
    in your midst,
in the courts of the house of the Lord,
    I Love the Lord.

[Verse]
The Lord preserves the simple,
    when I was brought low, he saved me,
Return, O my soul, to your rest,
    for the Lord has dealt bountifully with you,

[pre-chorus]
For you have delivered my soul from death,
    my eyes from tears,
my feet from stumbling,
    I will walk before the Lord in the land of the living,

[Chorus]
in the courts of the house of the Lord,
    in your midst,
in the courts of the house of the Lord,
    I Love the Lord.

[Bridge | Stripped Back | Intimate]
I will lift up the cup of salvation and call on the name of the Lord,
    I will pay my vows to the Lord in the presence of all his people,
Precious in the sight of the Lord is the death of his saints,
    O Lord, I am your servant,

[Breakdown | Building | Full Band]
I am your servant, the son of your maidservant,
    You have loosed my bonds,
I will offer to you the sacrifice of thanksgiving and call on the name of the Lord,
    I will pay my vows to the Lord in the presence of all his people,
",,false,chirp-fenix
,"[Intro]

[Verse]
! Extol him, all peoples,
    For great is his steadfast love toward us,
and the faithfulness of the Lord endures forever,
    Praise the Lord,

[pre-chorus]
For great is his steadfast love toward us,
    and the faithfulness of the Lord endures forever,
Praise the Lord,
    ! Extol him, all peoples,

[Chorus]
! Extol him, all peoples,
    For great is his steadfast love toward us,
! Extol him, all peoples,
    The Lord ’s Faithfulness Endures Forever Praise the Lord, all nations.

[Verse]
For great is his steadfast love toward us,
    and the faithfulness of the Lord endures forever,
Praise the Lord,
    ! Extol him, all peoples,

[pre-chorus]
For great is his steadfast love toward us,
    and the faithfulness of the Lord endures forever,
Praise the Lord,
    ! Extol him, all peoples,

[Chorus]
! Extol him, all peoples,
    For great is his steadfast love toward us,
! Extol him, all peoples,
    The Lord ’s Faithfulness Endures Forever Praise the Lord, all nations.

[Bridge | Stripped Back | Intimate]
and the faithfulness of the Lord endures forever,
    Praise the Lord,
! Extol him, all peoples,
    For great is his steadfast love toward us,

[Breakdown | Building | Full Band]
and the faithfulness of the Lord endures forever,
    Praise the Lord,
! Extol him, all peoples,
    For great is his steadfast love toward us,
",,false,chirp-fenix
,"[Intro]

[Verse]
for his steadfast love endures forever,
    Let Israel say, His steadfast love endures forever,
Let the house of Aaron say,
    His steadfast love endures forever,

[pre-chorus]
so that I was falling,
    but the Lord helped me,
The Lord is my strength and my song,
    he has become my salvation,

[Chorus]
you are my God,
    I will extol you,
you are my God,
    His Steadfast Love Endures Forever Oh give thanks to the Lord, for he is good.

[Verse]
They surrounded me like bees,
    they went out like a fire among thorns,
in the name of the Lord I cut them off,
    I was pushed hard,

[pre-chorus]
so that I was falling,
    but the Lord helped me,
The Lord is my strength and my song,
    he has become my salvation,

[Chorus]
you are my God,
    I will extol you,
you are my God,
    His Steadfast Love Endures Forever Oh give thanks to the Lord, for he is good.

[Bridge | Stripped Back | Intimate]
the righteous shall enter through it,
    I thank you that you have answered me and have become my salvation,
The stone that the builders rejected has become the cornerstone,
    This is the Lord ’s doing,

[Breakdown | Building | Full Band]
it is marvelous in our eyes,
    This is the day that the Lord has made,
let us rejoice and be glad in it,
    Save us, we pray,
",,false,chirp-fenix
,"[Intro]

[Verse]
Blessed are those who keep his testimonies,
    who seek him with their whole heart,
who also do no wrong, but walk in his ways,
    You have commanded your precepts to be kept diligently,

[pre-chorus]
teach me your statutes,
    Teth You have dealt well with your servant,
O Lord, according to your word,
    Teach me good judgment and knowledge,

[Chorus]
and let your rules help me,
    I have gone astray like a lost sheep,
and let your rules help me,
    Your Word Is a Lamp to My Feet Aleph Blessed are those whose way is blameless, who walk in the law of the Lord.

[Verse]
because of your righteous rules,
    I am a companion of all who fear you,
of those who keep your precepts,
    The earth, O Lord, is full of your steadfast love,

[pre-chorus]
teach me your statutes,
    Teth You have dealt well with your servant,
O Lord, according to your word,
    Teach me good judgment and knowledge,

[Chorus]
and let your rules help me,
    I have gone astray like a lost sheep,
and let your rules help me,
    Your Word Is a Lamp to My Feet Aleph Blessed are those whose way is blameless, who walk in the law of the Lord.

[Bridge | Stripped Back | Intimate]
for their cunning is in vain,
    All the wicked of the earth you discard like dross,
therefore I love your testimonies,
    My flesh trembles for fear of you,

[Breakdown | Building | Full Band]
and I am afraid of your judgments,
    Ayin I have done what is just and right,
do not leave me to my oppressors,
    Give your servant a pledge of good,
",,false,chirp-fenix
,"[Intro]

[Verse]
In my distress I called to the Lord, and he answered me,
    Deliver me, O Lord,
from lying lips,
    from a deceitful tongue,

[pre-chorus]
What shall be given to you,
    and what more shall be done to you,
you deceitful tongue,
    A warrior’s sharp arrows,

[Chorus]
Woe to me, that I sojourn in Meshech,
    that I dwell among the tents of Kedar,
Woe to me, that I sojourn in Meshech,
    Deliver Me, O Lord.

[Verse]
What shall be given to you,
    and what more shall be done to you,
you deceitful tongue,
    A warrior’s sharp arrows,

[pre-chorus]
What shall be given to you,
    and what more shall be done to you,
you deceitful tongue,
    A warrior’s sharp arrows,

[Chorus]
Woe to me, that I sojourn in Meshech,
    that I dwell among the tents of Kedar,
Woe to me, that I sojourn in Meshech,
    Deliver Me, O Lord.

[Bridge | Stripped Back | Intimate]
with glowing coals of the broom tree,
    Woe to me, that I sojourn in Meshech,
that I dwell among the tents of Kedar,
    Too long have I had my dwelling among those who hate peace,

[Breakdown | Building | Full Band]
I am for peace, but when I speak, they are for war,
    with glowing coals of the broom tree,
Woe to me, that I sojourn in Meshech,
    that I dwell among the tents of Kedar,
",,false,chirp-fenix
,"[Intro]

[Verse]
I lift up my eyes to the hills,
    From where does my help come,
My help comes from the Lord, who made heaven and earth,
    He will not let your foot be moved,

[pre-chorus]
he who keeps you will not slumber,
    Behold, he who keeps Israel will neither slumber nor sleep,
The Lord is your keeper,
    the Lord is your shade on your right hand,

[Chorus]
nor the moon by night,
    The Lord will keep you from all evil,
nor the moon by night,
    My Help Comes from the Lord.

[Verse]
he who keeps you will not slumber,
    Behold, he who keeps Israel will neither slumber nor sleep,
The Lord is your keeper,
    the Lord is your shade on your right hand,

[pre-chorus]
he who keeps you will not slumber,
    Behold, he who keeps Israel will neither slumber nor sleep,
The Lord is your keeper,
    the Lord is your shade on your right hand,

[Chorus]
nor the moon by night,
    The Lord will keep you from all evil,
nor the moon by night,
    My Help Comes from the Lord.

[Bridge | Stripped Back | Intimate]
The sun shall not strike you by day,
    nor the moon by night,
The Lord will keep you from all evil,
    he will keep your life,

[Breakdown | Building | Full Band]
The Lord will keep your going out and your coming in from this time forth and forevermore,
    The sun shall not strike you by day,
nor the moon by night,
    The Lord will keep you from all evil,
",,false,chirp-fenix
,"[Intro]

[Verse]
I was glad when they said to me,
    Let us go to the house of the Lord,
Our feet have been standing within your gates,
    O Jerusalem,

[pre-chorus]
to which the tribes go up,
    the tribes of the Lord,
as was decreed for Israel,
    to give thanks to the name of the Lord,

[Chorus]
For my brothers and companions ’ sake I will say,
    Peace be within you,
For my brothers and companions ’ sake I will say,
    Let Us Go to the House of the Lord.

[Verse]
to which the tribes go up,
    the tribes of the Lord,
as was decreed for Israel,
    to give thanks to the name of the Lord,

[pre-chorus]
to which the tribes go up,
    the tribes of the Lord,
as was decreed for Israel,
    to give thanks to the name of the Lord,

[Chorus]
For my brothers and companions ’ sake I will say,
    Peace be within you,
For my brothers and companions ’ sake I will say,
    Let Us Go to the House of the Lord.

[Bridge | Stripped Back | Intimate]
the thrones of the house of David,
    Pray for the peace of Jerusalem! May they be secure who love you,
Peace be within your walls and security within your towers,
    For my brothers and companions ’ sake I will say,

[Breakdown | Building | Full Band]
Peace be within you,
    For the sake of the house of the Lord our God,
I will seek your good,
    the thrones of the house of David,
",,false,chirp-fenix
,"[Intro]

[Verse]
To you I lift up my eyes,
    O you who are enthroned in the heavens,
Behold, as the eyes of servants look to the hand of their master,
    as the eyes of a maidservant to the hand of her mistress,

[pre-chorus]
Behold, as the eyes of servants look to the hand of their master,
    as the eyes of a maidservant to the hand of her mistress,
so our eyes look to the Lord our God,
    till he has mercy upon us,

[Chorus]
Behold, as the eyes of servants look to the hand of their master,
    as the eyes of a maidservant to the hand of her mistress,
Behold, as the eyes of servants look to the hand of their master,
    Our Eyes Look to the Lord Our God.

[Verse]
Our soul has had more than enough of the scorn of those who are at ease,
    of the contempt of the proud,
To you I lift up my eyes,
    O you who are enthroned in the heavens,

[pre-chorus]
Behold, as the eyes of servants look to the hand of their master,
    as the eyes of a maidservant to the hand of her mistress,
so our eyes look to the Lord our God,
    till he has mercy upon us,

[Chorus]
Behold, as the eyes of servants look to the hand of their master,
    as the eyes of a maidservant to the hand of her mistress,
Behold, as the eyes of servants look to the hand of their master,
    Our Eyes Look to the Lord Our God.

[Bridge | Stripped Back | Intimate]
O Lord, have mercy upon us,
    for we have had more than enough of contempt,
Our soul has had more than enough of the scorn of those who are at ease,
    of the contempt of the proud,

[Breakdown | Building | Full Band]
To you I lift up my eyes,
    O you who are enthroned in the heavens,
Behold, as the eyes of servants look to the hand of their master,
    as the eyes of a maidservant to the hand of her mistress,
",,false,chirp-fenix
,"[Intro]

[Verse]
If it had not been the Lord who was on our side— let Israel now say —,
    if it had not been the Lord who was on our side when people rose up against us,
then they would have swallowed us up alive,
    when their anger was kindled against us,

[pre-chorus]
then the flood would have swept us away,
    the torrent would have gone over us,
then over us would have gone the raging waters,
    Blessed be the Lord,

[Chorus]
We have escaped like a bird from the snare of the fowlers,
    the snare is broken, and we have escaped,
We have escaped like a bird from the snare of the fowlers,
    Our Help Is in the Name of the Lord.

[Verse]
then the flood would have swept us away,
    the torrent would have gone over us,
then over us would have gone the raging waters,
    Blessed be the Lord,

[pre-chorus]
then the flood would have swept us away,
    the torrent would have gone over us,
then over us would have gone the raging waters,
    Blessed be the Lord,

[Chorus]
We have escaped like a bird from the snare of the fowlers,
    the snare is broken, and we have escaped,
We have escaped like a bird from the snare of the fowlers,
    Our Help Is in the Name of the Lord.

[Bridge | Stripped Back | Intimate]
who has not given us as prey to their teeth,
    We have escaped like a bird from the snare of the fowlers,
the snare is broken, and we have escaped,
    Our help is in the name of the Lord,

[Breakdown | Building | Full Band]
who made heaven and earth,
    who has not given us as prey to their teeth,
We have escaped like a bird from the snare of the fowlers,
    the snare is broken, and we have escaped,
",,false,chirp-fenix
,"[Intro]

[Verse]
Those who trust in the Lord are like Mount Zion,
    which cannot be moved,
but abides forever,
    As the mountains surround Jerusalem,

[pre-chorus]
so the Lord surrounds his people,
    from this time forth and forevermore,
For the scepter of wickedness shall not rest on the land allotted to the righteous,
    lest the righteous stretch out their hands to do wrong,

[Chorus]
Do good, O Lord,
    to those who are good,
Do good, O Lord,
    The Lord Surrounds His People.

[Verse]
so the Lord surrounds his people,
    from this time forth and forevermore,
For the scepter of wickedness shall not rest on the land allotted to the righteous,
    lest the righteous stretch out their hands to do wrong,

[pre-chorus]
so the Lord surrounds his people,
    from this time forth and forevermore,
For the scepter of wickedness shall not rest on the land allotted to the righteous,
    lest the righteous stretch out their hands to do wrong,

[Chorus]
Do good, O Lord,
    to those who are good,
Do good, O Lord,
    The Lord Surrounds His People.

[Bridge | Stripped Back | Intimate]
Do good, O Lord,
    to those who are good,
and to those who are upright in their hearts,
    But those who turn aside to their crooked ways the Lord will lead away with evildoers! Peace be upon Israel,

[Breakdown | Building | Full Band]
Do good, O Lord,
    to those who are good,
and to those who are upright in their hearts,
    But those who turn aside to their crooked ways the Lord will lead away with evildoers! Peace be upon Israel,
",,false,chirp-fenix
,"[Intro]

[Verse]
When the Lord restored the fortunes of Zion,
    we were like those who dream,
Then our mouth was filled with laughter,
    and our tongue with shouts of joy,

[pre-chorus]
The Lord has done great things for them,
    The Lord has done great things for us,
we are glad,
    Restore our fortunes,

[Chorus]
He who goes out weeping,
    bearing the seed for sowing,
He who goes out weeping,
    Restore Our Fortunes, O Lord.

[Verse]
The Lord has done great things for them,
    The Lord has done great things for us,
we are glad,
    Restore our fortunes,

[pre-chorus]
The Lord has done great things for them,
    The Lord has done great things for us,
we are glad,
    Restore our fortunes,

[Chorus]
He who goes out weeping,
    bearing the seed for sowing,
He who goes out weeping,
    Restore Our Fortunes, O Lord.

[Bridge | Stripped Back | Intimate]
Those who sow in tears shall reap with shouts of joy,
    He who goes out weeping,
bearing the seed for sowing,
    shall come home with shouts of joy,

[Breakdown | Building | Full Band]
bringing his sheaves with him,
    Those who sow in tears shall reap with shouts of joy,
He who goes out weeping,
    bearing the seed for sowing,
",,false,chirp-fenix
,"[Intro]

[Verse]
Unless the Lord builds the house,
    those who build it labor in vain,
Unless the Lord watches over the city,
    the watchman stays awake in vain,

[pre-chorus]
Unless the Lord watches over the city,
    the watchman stays awake in vain,
It is in vain that you rise up early and go late to rest,
    eating the bread of anxious toil,

[Chorus]
Unless the Lord watches over the city,
    the watchman stays awake in vain,
Unless the Lord watches over the city,
    Unless the Lord Builds the House.

[Verse]
Like arrows in the hand of a warrior are the children of one’s youth,
    Blessed is the man who fills his quiver with them! He shall not be put to shame when he speaks with his enemies in the gate,
Unless the Lord builds the house,
    those who build it labor in vain,

[pre-chorus]
Unless the Lord watches over the city,
    the watchman stays awake in vain,
It is in vain that you rise up early and go late to rest,
    eating the bread of anxious toil,

[Chorus]
Unless the Lord watches over the city,
    the watchman stays awake in vain,
Unless the Lord watches over the city,
    Unless the Lord Builds the House.

[Bridge | Stripped Back | Intimate]
Behold, children are a heritage from the Lord,
    the fruit of the womb a reward,
Like arrows in the hand of a warrior are the children of one’s youth,
    Blessed is the man who fills his quiver with them! He shall not be put to shame when he speaks with his enemies in the gate,

[Breakdown | Building | Full Band]
Unless the Lord builds the house,
    those who build it labor in vain,
Unless the Lord watches over the city,
    the watchman stays awake in vain,
",,false,chirp-fenix
,"[Intro]

[Verse]
Blessed is everyone who fears the Lord,
    who walks in his ways,
You shall eat the fruit of the labor of your hands,
    you shall be blessed, and it shall be well with you,

[pre-chorus]
Your wife will be like a fruitful vine within your house,
    your children will be like olive shoots around your table,
Behold, thus shall the man be blessed who fears the Lord,
    The Lord bless you from Zion! May you see the prosperity of Jerusalem all the days of your life,

[Chorus]
Behold, thus shall the man be blessed who fears the Lord,
    The Lord bless you from Zion! May you see the prosperity of Jerusalem all the days of your life,
Behold, thus shall the man be blessed who fears the Lord,
    Blessed Is Everyone Who Fears the Lord.

[Verse]
Blessed is everyone who fears the Lord,
    who walks in his ways,
You shall eat the fruit of the labor of your hands,
    you shall be blessed, and it shall be well with you,

[pre-chorus]
Your wife will be like a fruitful vine within your house,
    your children will be like olive shoots around your table,
Behold, thus shall the man be blessed who fears the Lord,
    The Lord bless you from Zion! May you see the prosperity of Jerusalem all the days of your life,

[Chorus]
Behold, thus shall the man be blessed who fears the Lord,
    The Lord bless you from Zion! May you see the prosperity of Jerusalem all the days of your life,
Behold, thus shall the man be blessed who fears the Lord,
    Blessed Is Everyone Who Fears the Lord.

[Bridge | Stripped Back | Intimate]
Blessed is everyone who fears the Lord,
    who walks in his ways,
You shall eat the fruit of the labor of your hands,
    you shall be blessed, and it shall be well with you,

[Breakdown | Building | Full Band]
Your wife will be like a fruitful vine within your house,
    your children will be like olive shoots around your table,
Behold, thus shall the man be blessed who fears the Lord,
    The Lord bless you from Zion! May you see the prosperity of Jerusalem all the days of your life,
",,false,chirp-fenix
,"[Intro]

[Verse]
Greatly have they afflicted me from my youth — let Israel now say —,
    Greatly have they afflicted me from my youth,
yet they have not prevailed against me,
    The plowers plowed upon my back,

[pre-chorus]
they made long their furrows,
    The Lord is righteous,
he has cut the cords of the wicked,
    May all who hate Zion be put to shame and turned backward,

[Chorus]
which withers before it grows up,
    with which the reaper does not fill his hand nor the binder of sheaves his arms,
which withers before it grows up,
    They Have Afflicted Me from My Youth.

[Verse]
they made long their furrows,
    The Lord is righteous,
he has cut the cords of the wicked,
    May all who hate Zion be put to shame and turned backward,

[pre-chorus]
they made long their furrows,
    The Lord is righteous,
he has cut the cords of the wicked,
    May all who hate Zion be put to shame and turned backward,

[Chorus]
which withers before it grows up,
    with which the reaper does not fill his hand nor the binder of sheaves his arms,
which withers before it grows up,
    They Have Afflicted Me from My Youth.

[Bridge | Stripped Back | Intimate]
Let them be like the grass on the housetops,
    which withers before it grows up,
with which the reaper does not fill his hand nor the binder of sheaves his arms,
    nor do those who pass by say,

[Breakdown | Building | Full Band]
The blessing of the Lord be upon you! We bless you in the name of the Lord,
    Let them be like the grass on the housetops,
which withers before it grows up,
    with which the reaper does not fill his hand nor the binder of sheaves his arms,
",,false,chirp-fenix
,"[Intro]

[Verse]
Out of the depths I cry to you, O Lord,
    O Lord, hear my voice! Let your ears be attentive to the voice of my pleas for mercy,
If you, O Lord,
    should mark iniquities,

[pre-chorus]
But with you there is forgiveness,
    that you may be feared,
I wait for the Lord,
    my soul waits,

[Chorus]
more than watchmen for the morning,
    O Israel, hope in the Lord! For with the Lord there is steadfast love,
more than watchmen for the morning,
    My Soul Waits for the Lord.

[Verse]
But with you there is forgiveness,
    that you may be feared,
I wait for the Lord,
    my soul waits,

[pre-chorus]
But with you there is forgiveness,
    that you may be feared,
I wait for the Lord,
    my soul waits,

[Chorus]
more than watchmen for the morning,
    O Israel, hope in the Lord! For with the Lord there is steadfast love,
more than watchmen for the morning,
    My Soul Waits for the Lord.

[Bridge | Stripped Back | Intimate]
my soul waits for the Lord more than watchmen for the morning,
    more than watchmen for the morning,
O Israel, hope in the Lord! For with the Lord there is steadfast love,
    and with him is plentiful redemption,

[Breakdown | Building | Full Band]
And he will redeem Israel from all his iniquities,
    my soul waits for the Lord more than watchmen for the morning,
more than watchmen for the morning,
    O Israel, hope in the Lord! For with the Lord there is steadfast love,
",,false,chirp-fenix
,"[Intro]

[Verse]
O Lord, my heart is not lifted up,
    my eyes are not raised too high,
I do not occupy myself with things too great and too marvelous for me,
    But I have calmed and quieted my soul,

[pre-chorus]
O Israel, hope in the Lord from this time forth and forevermore,
    O Lord, my heart is not lifted up,
my eyes are not raised too high,
    I do not occupy myself with things too great and too marvelous for me,

[Chorus]
But I have calmed and quieted my soul,
    like a weaned child with its mother,
But I have calmed and quieted my soul,
    I Have Calmed and Quieted My Soul.

[Verse]
I do not occupy myself with things too great and too marvelous for me,
    But I have calmed and quieted my soul,
like a weaned child with its mother,
    like a weaned child is my soul within me,

[pre-chorus]
O Israel, hope in the Lord from this time forth and forevermore,
    O Lord, my heart is not lifted up,
my eyes are not raised too high,
    I do not occupy myself with things too great and too marvelous for me,

[Chorus]
But I have calmed and quieted my soul,
    like a weaned child with its mother,
But I have calmed and quieted my soul,
    I Have Calmed and Quieted My Soul.

[Bridge | Stripped Back | Intimate]
like a weaned child with its mother,
    like a weaned child is my soul within me,
O Israel, hope in the Lord from this time forth and forevermore,
    O Lord, my heart is not lifted up,

[Breakdown | Building | Full Band]
my eyes are not raised too high,
    I do not occupy myself with things too great and too marvelous for me,
But I have calmed and quieted my soul,
    like a weaned child with its mother,
",,false,chirp-fenix
,"[Intro]

[Verse]
Remember, O Lord,
    in David’s favor,
all the hardships he endured,
    how he swore to the Lord and vowed to the Mighty One of Jacob,

[pre-chorus]
Let your priests be clothed with righteousness,
    and let your saints shout for joy,
For the sake of your servant David,
    do not turn away the face of your anointed one,

[Chorus]
There I will make a horn to sprout for David,
    I have prepared a lamp for my anointed,
There I will make a horn to sprout for David,
    The Lord Has Chosen Zion.

[Verse]
let us worship at his footstool,
    Arise, O Lord,
and go to your resting place,
    you and the ark of your might,

[pre-chorus]
Let your priests be clothed with righteousness,
    and let your saints shout for joy,
For the sake of your servant David,
    do not turn away the face of your anointed one,

[Chorus]
There I will make a horn to sprout for David,
    I have prepared a lamp for my anointed,
There I will make a horn to sprout for David,
    The Lord Has Chosen Zion.

[Bridge | Stripped Back | Intimate]
For the Lord has chosen Zion,
    he has desired it for his dwelling place,
This is my resting place forever,
    here I will dwell, for I have desired it,

[Breakdown | Building | Full Band]
I will abundantly bless her provisions,
    I will satisfy her poor with bread,
Her priests I will clothe with salvation,
    and her saints will shout for joy,
",,false,chirp-fenix
,"[Intro]

[Verse]
Behold, how good and pleasant it is when brothers dwell in unity,
    It is like the precious oil on the head,
running down on the beard,
    on the beard of Aaron,

[pre-chorus]
It is like the dew of Hermon,
    which falls on the mountains of Zion! For there the Lord has commanded the blessing,
life forevermore,
    Behold, how good and pleasant it is when brothers dwell in unity,

[Chorus]
Behold, how good and pleasant it is when brothers dwell in unity,
    It is like the precious oil on the head,
Behold, how good and pleasant it is when brothers dwell in unity,
    When Brothers Dwell in Unity.

[Verse]
It is like the precious oil on the head,
    running down on the beard,
on the beard of Aaron,
    running down on the collar of his robes,

[pre-chorus]
It is like the dew of Hermon,
    which falls on the mountains of Zion! For there the Lord has commanded the blessing,
life forevermore,
    Behold, how good and pleasant it is when brothers dwell in unity,

[Chorus]
Behold, how good and pleasant it is when brothers dwell in unity,
    It is like the precious oil on the head,
Behold, how good and pleasant it is when brothers dwell in unity,
    When Brothers Dwell in Unity.

[Bridge | Stripped Back | Intimate]
running down on the beard,
    on the beard of Aaron,
running down on the collar of his robes,
    It is like the dew of Hermon,

[Breakdown | Building | Full Band]
which falls on the mountains of Zion! For there the Lord has commanded the blessing,
    life forevermore,
Behold, how good and pleasant it is when brothers dwell in unity,
    It is like the precious oil on the head,
",,false,chirp-fenix
,"[Intro]

[Verse]
Come, bless the Lord,
    all you servants of the Lord,
who stand by night in the house of the Lord,
    Lift up your hands to the holy place and bless the Lord,

[pre-chorus]
all you servants of the Lord,
    who stand by night in the house of the Lord,
Lift up your hands to the holy place and bless the Lord,
    May the Lord bless you from Zion,

[Chorus]
Come, bless the Lord,
    all you servants of the Lord,
Come, bless the Lord,
    Come, Bless the Lord.

[Verse]
Lift up your hands to the holy place and bless the Lord,
    May the Lord bless you from Zion,
he who made heaven and earth,
    Come, bless the Lord,

[pre-chorus]
all you servants of the Lord,
    who stand by night in the house of the Lord,
Lift up your hands to the holy place and bless the Lord,
    May the Lord bless you from Zion,

[Chorus]
Come, bless the Lord,
    all you servants of the Lord,
Come, bless the Lord,
    Come, Bless the Lord.

[Bridge | Stripped Back | Intimate]
Come, bless the Lord,
    all you servants of the Lord,
who stand by night in the house of the Lord,
    Lift up your hands to the holy place and bless the Lord,

[Breakdown | Building | Full Band]
May the Lord bless you from Zion,
    he who made heaven and earth,
Come, bless the Lord,
    all you servants of the Lord,
",,false,chirp-fenix
,"[Intro]

[Verse]
O Lord, Endures Forever Praise the Lord! Praise the name of the Lord,
    give praise, O servants of the Lord,
who stand in the house of the Lord,
    in the courts of the house of our God,

[pre-chorus]
who struck down many nations and killed mighty kings,
    Sihon, king of the Amorites,
and Og, king of Bashan,
    and all the kingdoms of Canaan,

[Chorus]
bless the Lord! You who fear the Lord,
    bless the Lord,
bless the Lord! You who fear the Lord,
    Your Name.

[Verse]
He it was who struck down the firstborn of Egypt,
    both of man and of beast,
who in your midst,
    O Egypt, sent signs and wonders against Pharaoh and all his servants,

[pre-chorus]
who struck down many nations and killed mighty kings,
    Sihon, king of the Amorites,
and Og, king of Bashan,
    and all the kingdoms of Canaan,

[Chorus]
bless the Lord! You who fear the Lord,
    bless the Lord,
bless the Lord! You who fear the Lord,
    Your Name.

[Bridge | Stripped Back | Intimate]
The idols of the nations are silver and gold,
    the work of human hands,
They have mouths, but do not speak,
    they have eyes, but do not see,

[Breakdown | Building | Full Band]
they have ears,
    but do not hear,
nor is there any breath in their mouths,
    Those who make them become like them,
",,false,chirp-fenix
,"[Intro]

[Verse]
Give thanks to the God of gods,
    for his steadfast love endures forever,
Give thanks to the Lord of lords,
    for his steadfast love endures forever,

[pre-chorus]
with a strong hand and an outstretched arm,
    for his steadfast love endures forever,
to him who divided the Red Sea in two,
    for his steadfast love endures forever,

[Chorus]
he who gives food to all flesh,
    for his steadfast love endures forever,
he who gives food to all flesh,
    His Steadfast Love Endures Forever Give thanks to the Lord, for he is good, for his steadfast love endures forever.

[Verse]
to him who struck down the firstborn of Egypt,
    for his steadfast love endures forever,
and brought Israel out from among them,
    for his steadfast love endures forever,

[pre-chorus]
with a strong hand and an outstretched arm,
    for his steadfast love endures forever,
to him who divided the Red Sea in two,
    for his steadfast love endures forever,

[Chorus]
he who gives food to all flesh,
    for his steadfast love endures forever,
he who gives food to all flesh,
    His Steadfast Love Endures Forever Give thanks to the Lord, for he is good, for his steadfast love endures forever.

[Bridge | Stripped Back | Intimate]
and killed mighty kings,
    for his steadfast love endures forever,
Sihon, king of the Amorites,
    for his steadfast love endures forever,

[Breakdown | Building | Full Band]
and Og, king of Bashan,
    for his steadfast love endures forever,
and gave their land as a heritage,
    for his steadfast love endures forever,
",,false,chirp-fenix
,"[Intro]

[Verse]
? By the waters of Babylon,
    there we sat down and wept,
when we remembered Zion,
    On the willows there we hung up our lyres,

[pre-chorus]
Sing us one of the songs of Zion,
    How shall we sing the Lord ’s song in a foreign land,
If I forget you,
    O Jerusalem, let my right hand forget its skill,

[Chorus]
O daughter of Babylon,
    doomed to be destroyed,
O daughter of Babylon,
    How Shall We Sing the Lord ’s Song.

[Verse]
Sing us one of the songs of Zion,
    How shall we sing the Lord ’s song in a foreign land,
If I forget you,
    O Jerusalem, let my right hand forget its skill,

[pre-chorus]
Sing us one of the songs of Zion,
    How shall we sing the Lord ’s song in a foreign land,
If I forget you,
    O Jerusalem, let my right hand forget its skill,

[Chorus]
O daughter of Babylon,
    doomed to be destroyed,
O daughter of Babylon,
    How Shall We Sing the Lord ’s Song.

[Bridge | Stripped Back | Intimate]
Remember, O Lord,
    against the Edomites the day of Jerusalem,
how they said,
    Lay it bare, lay it bare,

[Breakdown | Building | Full Band]
down to its foundations,
    O daughter of Babylon,
doomed to be destroyed,
    blessed shall he be who repays you with what you have done to us,
",,false,chirp-fenix
,"[Intro]

[Verse]
I give you thanks, O Lord, with my whole heart,
    before the gods I sing your praise,
I bow down toward your holy temple and give thanks to your name for your steadfast love and your faithfulness,
    for you have exalted above all things your name and your word,

[pre-chorus]
All the kings of the earth shall give you thanks,
    O Lord, for they have heard the words of your mouth,
and they shall sing of the ways of the Lord,
    for great is the glory of the Lord,

[Chorus]
and your right hand delivers me,
    The Lord will fulfill his purpose for me,
and your right hand delivers me,
    Give Thanks to the Lord.

[Verse]
All the kings of the earth shall give you thanks,
    O Lord, for they have heard the words of your mouth,
and they shall sing of the ways of the Lord,
    for great is the glory of the Lord,

[pre-chorus]
All the kings of the earth shall give you thanks,
    O Lord, for they have heard the words of your mouth,
and they shall sing of the ways of the Lord,
    for great is the glory of the Lord,

[Chorus]
and your right hand delivers me,
    The Lord will fulfill his purpose for me,
and your right hand delivers me,
    Give Thanks to the Lord.

[Bridge | Stripped Back | Intimate]
but the haughty he knows from afar,
    Though I walk in the midst of trouble,
you preserve my life,
    you stretch out your hand against the wrath of my enemies,

[Breakdown | Building | Full Band]
and your right hand delivers me,
    The Lord will fulfill his purpose for me,
your steadfast love, O Lord, endures forever,
    Do not forsake the work of your hands,
",,false,chirp-fenix
,"[Intro]

[Verse]
O Lord, you have searched me and known me,
    You know when I sit down and when I rise up,
you discern my thoughts from afar,
    You search out my path and my lying down and are acquainted with all my ways,

[pre-chorus]
even the darkness is not dark to you,
    the night is bright as the day,
for darkness is as light with you,
    For you formed my inward parts,

[Chorus]
Search me, O God,
    and know my heart! Try me and know my thoughts,
Search me, O God,
    Search Me, O God, and Know My Heart.

[Verse]
even there your hand shall lead me,
    and your right hand shall hold me,
If I say, Surely the darkness shall cover me,
    and the light about me be night,

[pre-chorus]
even the darkness is not dark to you,
    the night is bright as the day,
for darkness is as light with you,
    For you formed my inward parts,

[Chorus]
Search me, O God,
    and know my heart! Try me and know my thoughts,
Search me, O God,
    Search Me, O God, and Know My Heart.

[Bridge | Stripped Back | Intimate]
the days that were formed for me,
    when as yet there was none of them,
How precious to me are your thoughts,
    O God! How vast is the sum of them,

[Breakdown | Building | Full Band]
If I would count them, they are more than the sand,
    I awake, and I am still with you,
Oh that you would slay the wicked,
    O God! O men of blood,
",,false,chirp-fenix
,"[Intro]

[Verse]
Deliver me, O Lord, from evil men,
    preserve me from violent men,
who plan evil things in their heart and stir up wars continually,
    They make their tongue sharp as a serpent’s,

[pre-chorus]
the strength of my salvation,
    you have covered my head in the day of battle,
Grant not, O Lord, the desires of the wicked,
    do not further their evil plot,

[Chorus]
I know that the Lord will maintain the cause of the afflicted,
    and will execute justice for the needy,
I know that the Lord will maintain the cause of the afflicted,
    Deliver Me, O Lord, from Evil Men.

[Verse]
beside the way they have set snares for me,
    I say to the Lord, You are my God,
give ear to the voice of my pleas for mercy, O Lord,
    O Lord, my Lord,

[pre-chorus]
the strength of my salvation,
    you have covered my head in the day of battle,
Grant not, O Lord, the desires of the wicked,
    do not further their evil plot,

[Chorus]
I know that the Lord will maintain the cause of the afflicted,
    and will execute justice for the needy,
I know that the Lord will maintain the cause of the afflicted,
    Deliver Me, O Lord, from Evil Men.

[Bridge | Stripped Back | Intimate]
let the mischief of their lips overwhelm them,
    Let burning coals fall upon them! Let them be cast into fire,
into miry pits,
    no more to rise,

[Breakdown | Building | Full Band]
Let not the slanderer be established in the land,
    let evil hunt down the violent man speedily,
I know that the Lord will maintain the cause of the afflicted,
    and will execute justice for the needy,
",,false,chirp-fenix
,"[Intro]

[Verse]
O Lord, I call upon you,
    hasten to me! Give ear to my voice when I call to you,
Let my prayer be counted as incense before you,
    and the lifting up of my hands as the evening sacrifice,

[pre-chorus]
Yet my prayer is continually against their evil deeds,
    When their judges are thrown over the cliff,
then they shall hear my words,
    for they are pleasant,

[Chorus]
leave me not defenseless,
    Keep me from the trap that they have laid for me and from the snares of evildoers,
leave me not defenseless,
    Give Ear to My Voice.

[Verse]
and let me not eat of their delicacies,
    Let a righteous man strike me—it is a kindness,
let him rebuke me—it is oil for my head,
    let my head not refuse it,

[pre-chorus]
Yet my prayer is continually against their evil deeds,
    When their judges are thrown over the cliff,
then they shall hear my words,
    for they are pleasant,

[Chorus]
leave me not defenseless,
    Keep me from the trap that they have laid for me and from the snares of evildoers,
leave me not defenseless,
    Give Ear to My Voice.

[Bridge | Stripped Back | Intimate]
As when one plows and breaks up the earth,
    so shall our bones be scattered at the mouth of Sheol,
But my eyes are toward you, O God, my Lord,
    in you I seek refuge,

[Breakdown | Building | Full Band]
leave me not defenseless,
    Keep me from the trap that they have laid for me and from the snares of evildoers,
Let the wicked fall into their own nets,
    while I pass by safely,
",,false,chirp-fenix
,"[Intro]

[Verse]
A Prayer,
    With my voice I cry out to the Lord,
with my voice I plead for mercy to the Lord,
    I pour out my complaint before him,

[pre-chorus]
you know my way! In the path where I walk they have hidden a trap for me,
    Look to the right and see : there is none who takes notice of me,
no refuge remains to me,
    no one cares for my soul,

[Chorus]
for they are too strong for me,
    Bring me out of prison,
for they are too strong for me,
    You Are My Refuge.

[Verse]
you know my way! In the path where I walk they have hidden a trap for me,
    Look to the right and see : there is none who takes notice of me,
no refuge remains to me,
    no one cares for my soul,

[pre-chorus]
you know my way! In the path where I walk they have hidden a trap for me,
    Look to the right and see : there is none who takes notice of me,
no refuge remains to me,
    no one cares for my soul,

[Chorus]
for they are too strong for me,
    Bring me out of prison,
for they are too strong for me,
    You Are My Refuge.

[Bridge | Stripped Back | Intimate]
my portion in the land of the living,
    Attend to my cry,
for I am brought very low! Deliver me from my persecutors,
    for they are too strong for me,

[Breakdown | Building | Full Band]
Bring me out of prison,
    that I may give thanks to your name! The righteous will surround me,
for you will deal bountifully with me,
    my portion in the land of the living,
",,false,chirp-fenix
,"[Intro]

[Verse]
Hear my prayer, O Lord,
    give ear to my pleas for mercy! In your faithfulness answer me,
in your righteousness,
    Enter not into judgment with your servant,

[pre-chorus]
my soul thirsts for you like a parched land,
    Answer me quickly,
O Lord! My spirit fails! Hide not your face from me,
    lest I be like those who go down to the pit,

[Chorus]
O Lord, preserve my life! In your righteousness bring my soul out of trouble,
    And in your steadfast love you will cut off my enemies,
O Lord, preserve my life! In your righteousness bring my soul out of trouble,
    My Soul Thirsts for You.

[Verse]
I remember the days of old,
    I meditate on all that you have done,
I ponder the work of your hands,
    I stretch out my hands to you,

[pre-chorus]
my soul thirsts for you like a parched land,
    Answer me quickly,
O Lord! My spirit fails! Hide not your face from me,
    lest I be like those who go down to the pit,

[Chorus]
O Lord, preserve my life! In your righteousness bring my soul out of trouble,
    And in your steadfast love you will cut off my enemies,
O Lord, preserve my life! In your righteousness bring my soul out of trouble,
    My Soul Thirsts for You.

[Bridge | Stripped Back | Intimate]
Make me know the way I should go,
    for to you I lift up my soul,
Deliver me from my enemies,
    O Lord! I have fled to you for refuge,

[Breakdown | Building | Full Band]
Teach me to do your will,
    for you are my God! Let your good Spirit lead me on level ground,
For your name’s sake,
    O Lord, preserve my life! In your righteousness bring my soul out of trouble,
",,false,chirp-fenix
,"[Intro]

[Verse]
Blessed be the Lord,
    my rock, who trains my hands for war,
and my fingers for battle,
    he is my steadfast love and my fortress,

[pre-chorus]
Stretch out your hand from on high,
    rescue me and deliver me from the many waters,
from the hand of foreigners,
    whose mouths speak lies and whose right hand is a right hand of falsehood,

[Chorus]
may our cattle be heavy with young,
    suffering no mishap or failure in bearing,
may our cattle be heavy with young,
    My Rock and My Fortress.

[Verse]
Bow your heavens,
    O Lord, and come down! Touch the mountains so that they smoke,
Flash forth the lightning and scatter them,
    send out your arrows and rout them,

[pre-chorus]
Stretch out your hand from on high,
    rescue me and deliver me from the many waters,
from the hand of foreigners,
    whose mouths speak lies and whose right hand is a right hand of falsehood,

[Chorus]
may our cattle be heavy with young,
    suffering no mishap or failure in bearing,
may our cattle be heavy with young,
    My Rock and My Fortress.

[Bridge | Stripped Back | Intimate]
who rescues David his servant from the cruel sword,
    Rescue me and deliver me from the hand of foreigners,
whose mouths speak lies and whose right hand is a right hand of falsehood,
    May our sons in their youth be like plants full grown,

[Breakdown | Building | Full Band]
our daughters like corner pillars cut for the structure of a palace,
    may our granaries be full,
providing all kinds of produce,
    may our sheep bring forth thousands and ten thousands in our fields,
",,false,chirp-fenix
,"[Intro]

[Verse]
I will extol you,
    my God and King,
and bless your name forever and ever,
    Every day I will bless you and praise your name forever and ever,

[pre-chorus]
The Lord is good to all,
    and his mercy is over all that he has made,
All your works shall give thanks to you,
    O Lord, and all your saints shall bless you,

[Chorus]
The Lord preserves all who love him,
    but all the wicked he will destroy,
The Lord preserves all who love him,
    Great Is the Lord.

[Verse]
and I will declare your greatness,
    They shall pour forth the fame of your abundant goodness and shall sing aloud of your righteousness,
The Lord is gracious and merciful,
    slow to anger and abounding in steadfast love,

[pre-chorus]
The Lord is good to all,
    and his mercy is over all that he has made,
All your works shall give thanks to you,
    O Lord, and all your saints shall bless you,

[Chorus]
The Lord preserves all who love him,
    but all the wicked he will destroy,
The Lord preserves all who love him,
    Great Is the Lord.

[Bridge | Stripped Back | Intimate]
[The Lord is faithful in all his words and kind in all his works,
    The Lord upholds all who are falling and raises up all who are bowed down,
The eyes of all look to you,
    and you give them their food in due season,

[Breakdown | Building | Full Band]
You open your hand,
    you satisfy the desire of every living thing,
The Lord is righteous in all his ways and kind in all his works,
    The Lord is near to all who call on him,
",,false,chirp-fenix
,"[Intro]

[Verse]
Praise the Lord! Praise the Lord, O my soul,
    I will praise the Lord as long as I live,
I will sing praises to my God while I have my being,
    Put not your trust in princes,

[pre-chorus]
who keeps faith forever,
    who executes justice for the oppressed,
who gives food to the hungry,
    The Lord sets the prisoners free,

[Chorus]
The Lord will reign forever,
    your God, O Zion,
The Lord will reign forever,
    Put Not Your Trust in Princes.

[Verse]
Blessed is he whose help is the God of Jacob,
    whose hope is in the Lord his God,
who made heaven and earth,
    the sea, and all that is in them,

[pre-chorus]
who keeps faith forever,
    who executes justice for the oppressed,
who gives food to the hungry,
    The Lord sets the prisoners free,

[Chorus]
The Lord will reign forever,
    your God, O Zion,
The Lord will reign forever,
    Put Not Your Trust in Princes.

[Bridge | Stripped Back | Intimate]
the Lord opens the eyes of the blind,
    The Lord lifts up those who are bowed down,
the Lord loves the righteous,
    The Lord watches over the sojourners,

[Breakdown | Building | Full Band]
he upholds the widow and the fatherless,
    but the way of the wicked he brings to ruin,
The Lord will reign forever,
    your God, O Zion,
",,false,chirp-fenix
,"[Intro]

[Verse]
Praise the Lord! For it is good to sing praises to our God,
    for it is pleasant, and a song of praise is fitting,
The Lord builds up Jerusalem,
    he gathers the outcasts of Israel,

[pre-chorus]
and to the young ravens that cry,
    His delight is not in the strength of the horse,
nor his pleasure in the legs of a man,
    but the Lord takes pleasure in those who fear him,

[Chorus]
his statutes and rules to Israel,
    He has not dealt thus with any other nation,
his statutes and rules to Israel,
    He Heals the Brokenhearted.

[Verse]
He covers the heavens with clouds,
    he prepares rain for the earth,
he makes grass grow on the hills,
    He gives to the beasts their food,

[pre-chorus]
and to the young ravens that cry,
    His delight is not in the strength of the horse,
nor his pleasure in the legs of a man,
    but the Lord takes pleasure in those who fear him,

[Chorus]
his statutes and rules to Israel,
    He has not dealt thus with any other nation,
his statutes and rules to Israel,
    He Heals the Brokenhearted.

[Bridge | Stripped Back | Intimate]
he fills you with the finest of the wheat,
    He sends out his command to the earth,
his word runs swiftly,
    He gives snow like wool,

[Breakdown | Building | Full Band]
he scatters frost like ashes,
    He hurls down his crystals of ice like crumbs,
who can stand before his cold,
    He sends out his word, and melts them,
",,false,chirp-fenix
,"[Intro]

[Verse]
! Praise the Lord from the heavens,
    praise him in the heights,
Praise him, all his angels,
    praise him, all his hosts,

[pre-chorus]
fire and hail,
    snow and mist,
stormy wind fulfilling his word,
    Mountains and all hills, fruit trees and all cedars,

[Chorus]
He has raised up a horn for his people,
    praise for all his saints,
He has raised up a horn for his people,
    Praise the Name of the Lord Praise the Lord.

[Verse]
And he established them forever and ever,
    he gave a decree, and it shall not pass away,
Praise the Lord from the earth,
    you great sea creatures and all deeps,

[pre-chorus]
fire and hail,
    snow and mist,
stormy wind fulfilling his word,
    Mountains and all hills, fruit trees and all cedars,

[Chorus]
He has raised up a horn for his people,
    praise for all his saints,
He has raised up a horn for his people,
    Praise the Name of the Lord Praise the Lord.

[Bridge | Stripped Back | Intimate]
creeping things and flying birds,
    Kings of the earth and all peoples,
princes and all rulers of the earth,
    Young men and maidens together, old men and children,

[Breakdown | Building | Full Band]
Let them praise the name of the Lord,
    for his name alone is exalted,
his majesty is above earth and heaven,
    He has raised up a horn for his people,
",,false,chirp-fenix
,"[Intro]

[Verse]
! Sing to the Lord a new song,
    his praise in the assembly of the godly,
Let Israel be glad in his Maker,
    let the children of Zion rejoice in their King,

[pre-chorus]
making melody to him with tambourine and lyre,
    For the Lord takes pleasure in his people,
he adorns the humble with salvation,
    Let the godly exult in glory,

[Chorus]
to execute vengeance on the nations and punishments on the peoples,
    to bind their kings with chains and their nobles with fetters of iron,
to execute vengeance on the nations and punishments on the peoples,
    Sing to the Lord a New Song Praise the Lord.

[Verse]
making melody to him with tambourine and lyre,
    For the Lord takes pleasure in his people,
he adorns the humble with salvation,
    Let the godly exult in glory,

[pre-chorus]
making melody to him with tambourine and lyre,
    For the Lord takes pleasure in his people,
he adorns the humble with salvation,
    Let the godly exult in glory,

[Chorus]
to execute vengeance on the nations and punishments on the peoples,
    to bind their kings with chains and their nobles with fetters of iron,
to execute vengeance on the nations and punishments on the peoples,
    Sing to the Lord a New Song Praise the Lord.

[Bridge | Stripped Back | Intimate]
Let the high praises of God be in their throats and two-edged swords in their hands,
    to execute vengeance on the nations and punishments on the peoples,
to bind their kings with chains and their nobles with fetters of iron,
    to execute on them the judgment written! This is honor for all his godly ones,

[Breakdown | Building | Full Band]
Praise the Lord,
    Let the high praises of God be in their throats and two-edged swords in their hands,
to execute vengeance on the nations and punishments on the peoples,
    to bind their kings with chains and their nobles with fetters of iron,
",,false,chirp-fenix
,"[Intro]

[Verse]
Praise the Lord Praise the Lord! Praise God in his sanctuary,
    praise him in his mighty heavens,
Praise him for his mighty deeds,
    praise him according to his excellent greatness,

[pre-chorus]
Praise him for his mighty deeds,
    praise him according to his excellent greatness,
Praise him with trumpet sound,
    praise him with lute and harp,

[Chorus]
Praise him for his mighty deeds,
    praise him according to his excellent greatness,
Praise him for his mighty deeds,
    Let Everything.

[Verse]
praise him with loud clashing cymbals,
    Let everything that has breath praise the Lord! Praise the Lord,
Praise the Lord Praise the Lord! Praise God in his sanctuary,
    praise him in his mighty heavens,

[pre-chorus]
Praise him for his mighty deeds,
    praise him according to his excellent greatness,
Praise him with trumpet sound,
    praise him with lute and harp,

[Chorus]
Praise him for his mighty deeds,
    praise him according to his excellent greatness,
Praise him for his mighty deeds,
    Let Everything.

[Bridge | Stripped Back | Intimate]
praise him with strings and pipe,
    Praise him with sounding cymbals,
praise him with loud clashing cymbals,
    Let everything that has breath praise the Lord! Praise the Lord,

[Breakdown | Building | Full Band]
Praise the Lord Praise the Lord! Praise God in his sanctuary,
    praise him in his mighty heavens,
Praise him for his mighty deeds,
    praise him according to his excellent greatness,
",,false,chirp-fenix
,"[Intro]

[Verse]
May the Lord answer you in the day of trouble! May the name of the God of Jacob protect you,
    May he send you help from the sanctuary and give you support from Zion,
May he remember all your offerings and regard with favor your burnt sacrifices,
    May he grant you your heart’s desire and fulfill all your plans,

[pre-chorus]
May we shout for joy over your salvation,
    and in the name of our God set up our banners! May the Lord fulfill all your petitions,
Now I know that the Lord saves his anointed,
    he will answer him from his holy heaven with the saving might of his right hand,

[Chorus]
Some trust in chariots and some in horses,
    but we trust in the name of the Lord our God,
Some trust in chariots and some in horses,
    Trust in the Name of the Lord Our God.

[Verse]
May we shout for joy over your salvation,
    and in the name of our God set up our banners! May the Lord fulfill all your petitions,
Now I know that the Lord saves his anointed,
    he will answer him from his holy heaven with the saving might of his right hand,

[pre-chorus]
May we shout for joy over your salvation,
    and in the name of our God set up our banners! May the Lord fulfill all your petitions,
Now I know that the Lord saves his anointed,
    he will answer him from his holy heaven with the saving might of his right hand,

[Chorus]
Some trust in chariots and some in horses,
    but we trust in the name of the Lord our God,
Some trust in chariots and some in horses,
    Trust in the Name of the Lord Our God.

[Bridge | Stripped Back | Intimate]
Some trust in chariots and some in horses,
    but we trust in the name of the Lord our God,
They collapse and fall, but we rise and stand upright,
    O Lord, save the king! May he answer us when we call,

[Breakdown | Building | Full Band]
Some trust in chariots and some in horses,
    but we trust in the name of the Lord our God,
They collapse and fall, but we rise and stand upright,
    O Lord, save the king! May he answer us when we call,
",,false,chirp-fenix
,"[Intro]

[Verse]
O Lord, in your strength the king rejoices,
    and in your salvation how greatly he exults,
You have given him his heart’s desire and have not withheld the request of his lips,
    For you meet him with rich blessings,

[pre-chorus]
Your hand will find out all your enemies,
    your right hand will find out those who hate you,
You will make them as a blazing oven when you appear,
    The Lord will swallow them up in his wrath,

[Chorus]
For you will put them to flight,
    you will aim at their faces with your bows,
For you will put them to flight,
    The King Rejoices in the Lord ’s Strength.

[Verse]
For you make him most blessed forever,
    you make him glad with the joy of your presence,
For the king trusts in the Lord,
    and through the steadfast love of the Most High he shall not be moved,

[pre-chorus]
Your hand will find out all your enemies,
    your right hand will find out those who hate you,
You will make them as a blazing oven when you appear,
    The Lord will swallow them up in his wrath,

[Chorus]
For you will put them to flight,
    you will aim at their faces with your bows,
For you will put them to flight,
    The King Rejoices in the Lord ’s Strength.

[Bridge | Stripped Back | Intimate]
You will destroy their descendants from the earth,
    and their offspring from among the children of man,
Though they plan evil against you,
    though they devise mischief,

[Breakdown | Building | Full Band]
they will not succeed,
    For you will put them to flight,
you will aim at their faces with your bows,
    Be exalted, O Lord,
",,false,chirp-fenix
,"[Intro]

[Verse]
? To the choirmaster : according to The Doe of the Dawn,
    A Psalm of David,
My God, my God,
    why have you forsaken me? Why are you so far from saving me,

[pre-chorus]
Many bulls encompass me,
    strong bulls of Bashan surround me,
they open wide their mouths at me,
    like a ravening and roaring lion,

[Chorus]
Posterity shall serve him,
    it shall be told of the Lord to the coming generation,
Posterity shall serve him,
    Why Have You Forsaken Me.

[Verse]
and from my mother’s womb you have been my God,
    Be not far from me,
for trouble is near,
    and there is none to help,

[pre-chorus]
Many bulls encompass me,
    strong bulls of Bashan surround me,
they open wide their mouths at me,
    like a ravening and roaring lion,

[Chorus]
Posterity shall serve him,
    it shall be told of the Lord to the coming generation,
Posterity shall serve him,
    Why Have You Forsaken Me.

[Bridge | Stripped Back | Intimate]
my precious life from the power of the dog,
    Save me from the mouth of the lion! You have rescued me from the horns of the wild oxen,
I will tell of your name to my brothers,
    in the midst of the congregation I will praise you,

[Breakdown | Building | Full Band]
You who fear the Lord,
    praise him! All you offspring of Jacob,
glorify him, and stand in awe of him,
    all you offspring of Israel,
",,false,chirp-fenix
,"[Intro]

[Verse]
The Lord is my shepherd,
    I shall not want,
He makes me lie down in green pastures,
    He leads me beside still waters,

[pre-chorus]
He leads me in paths of righteousness for his name’s sake,
    Even though I walk through the valley of the shadow of death,
I will fear no evil,
    for you are with me,

[Chorus]
you anoint my head with oil,
    my cup overflows,
you anoint my head with oil,
    The Lord Is My Shepherd.

[Verse]
He leads me in paths of righteousness for his name’s sake,
    Even though I walk through the valley of the shadow of death,
I will fear no evil,
    for you are with me,

[pre-chorus]
He leads me in paths of righteousness for his name’s sake,
    Even though I walk through the valley of the shadow of death,
I will fear no evil,
    for you are with me,

[Chorus]
you anoint my head with oil,
    my cup overflows,
you anoint my head with oil,
    The Lord Is My Shepherd.

[Bridge | Stripped Back | Intimate]
You prepare a table before me in the presence of my enemies,
    you anoint my head with oil,
my cup overflows,
    Surely goodness and mercy shall follow me all the days of my life,

[Breakdown | Building | Full Band]
and I shall dwell in the house of the Lord forever,
    You prepare a table before me in the presence of my enemies,
you anoint my head with oil,
    my cup overflows,
",,false,chirp-fenix
,"[Intro]

[Verse]
The earth is the Lord ’s and the fullness thereof,
    the world and those who dwell therein,
for he has founded it upon the seas and established it upon the rivers,
    Who shall ascend the hill of the Lord? And who shall stand in his holy place,

[pre-chorus]
Such is the generation of those who seek him,
    who seek the face of the God of Jacob,
Lift up your heads,
    O gates! And be lifted up,

[Chorus]
O ancient doors,
    that the King of glory may come in,
O ancient doors,
    The King of Glory.

[Verse]
Such is the generation of those who seek him,
    who seek the face of the God of Jacob,
Lift up your heads,
    O gates! And be lifted up,

[pre-chorus]
Such is the generation of those who seek him,
    who seek the face of the God of Jacob,
Lift up your heads,
    O gates! And be lifted up,

[Chorus]
O ancient doors,
    that the King of glory may come in,
O ancient doors,
    The King of Glory.

[Bridge | Stripped Back | Intimate]
strong and mighty,
    the Lord, mighty in battle,
Lift up your heads,
    O gates! And lift them up,

[Breakdown | Building | Full Band]
O ancient doors,
    that the King of glory may come in,
Who is this King of glory? The Lord of hosts,
    he is the King of glory,
",,false,chirp-fenix
,"[Intro]

[Verse]
To you, O Lord, I lift up my soul,
    O my God, in you I trust,
let me not be put to shame,
    let not my enemies exult over me,

[pre-chorus]
He leads the humble in what is right,
    and teaches the humble his way,
All the paths of the Lord are steadfast love and faithfulness,
    for those who keep his covenant and his testimonies,

[Chorus]
for I take refuge in you,
    May integrity and uprightness preserve me,
for I take refuge in you,
    Teach Me Your Paths.

[Verse]
for the sake of your goodness,
    O Lord,
Good and upright is the Lord,
    therefore he instructs sinners in the way,

[pre-chorus]
He leads the humble in what is right,
    and teaches the humble his way,
All the paths of the Lord are steadfast love and faithfulness,
    for those who keep his covenant and his testimonies,

[Chorus]
for I take refuge in you,
    May integrity and uprightness preserve me,
for I take refuge in you,
    Teach Me Your Paths.

[Bridge | Stripped Back | Intimate]
My eyes are ever toward the Lord,
    for he will pluck my feet out of the net,
Turn to me and be gracious to me,
    for I am lonely and afflicted,

[Breakdown | Building | Full Band]
The troubles of my heart are enlarged,
    bring me out of my distresses,
Consider my affliction and my trouble,
    and forgive all my sins,
",,false,chirp-fenix
,"[Intro]

[Verse]
Vindicate me,
    O Lord, for I have walked in my integrity,
and I have trusted in the Lord without wavering,
    Prove me, O Lord, and try me,

[pre-chorus]
O Lord,
    proclaiming thanksgiving aloud,
and telling all your wondrous deeds,
    O Lord, I love the habitation of your house and the place where your glory dwells,

[Chorus]
But as for me, I shall walk in my integrity,
    redeem me, and be gracious to me,
But as for me, I shall walk in my integrity,
    I Will Bless the Lord.

[Verse]
nor do I consort with hypocrites,
    I hate the assembly of evildoers,
and I will not sit with the wicked,
    I wash my hands in innocence and go around your altar,

[pre-chorus]
O Lord,
    proclaiming thanksgiving aloud,
and telling all your wondrous deeds,
    O Lord, I love the habitation of your house and the place where your glory dwells,

[Chorus]
But as for me, I shall walk in my integrity,
    redeem me, and be gracious to me,
But as for me, I shall walk in my integrity,
    I Will Bless the Lord.

[Bridge | Stripped Back | Intimate]
Do not sweep my soul away with sinners,
    nor my life with bloodthirsty men,
in whose hands are evil devices,
    and whose right hands are full of bribes,

[Breakdown | Building | Full Band]
But as for me, I shall walk in my integrity,
    redeem me, and be gracious to me,
My foot stands on level ground,
    in the great assembly I will bless the Lord,
",,false,chirp-fenix
,"[Intro]

[Verse]
The Lord is my light and my salvation,
    whom shall I fear? The Lord is the stronghold of my life,
of whom shall I be afraid,
    When evildoers assail me to eat up my flesh,

[pre-chorus]
and I will offer in his tent sacrifices with shouts of joy,
    I will sing and make melody to the Lord,
Hear, O Lord, when I cry aloud,
    be gracious to me and answer me,

[Chorus]
I believe that I shall look upon the goodness of the Lord in the land of the living,
    Wait for the Lord,
I believe that I shall look upon the goodness of the Lord in the land of the living,
    The Lord Is My Light and My Salvation.

[Verse]
For he will hide me in his shelter in the day of trouble,
    he will conceal me under the cover of his tent,
he will lift me high upon a rock,
    And now my head shall be lifted up above my enemies all around me,

[pre-chorus]
and I will offer in his tent sacrifices with shouts of joy,
    I will sing and make melody to the Lord,
Hear, O Lord, when I cry aloud,
    be gracious to me and answer me,

[Chorus]
I believe that I shall look upon the goodness of the Lord in the land of the living,
    Wait for the Lord,
I believe that I shall look upon the goodness of the Lord in the land of the living,
    The Lord Is My Light and My Salvation.

[Bridge | Stripped Back | Intimate]
O you who have been my help,
    Cast me not off,
forsake me not, O God of my salvation,
    For my father and my mother have forsaken me,

[Breakdown | Building | Full Band]
but the Lord will take me in,
    Teach me your way,
O Lord, and lead me on a level path because of my enemies,
    Give me not up to the will of my adversaries,
",,false,chirp-fenix
,"[Intro]

[Verse]
To you, O Lord, I call,
    my rock, be not deaf to me,
lest, if you be silent to me,
    I become like those who go down to the pit,

[pre-chorus]
Do not drag me off with the wicked,
    with the workers of evil,
who speak peace with their neighbors while evil is in their hearts,
    Give to them according to their work and according to the evil of their deeds,

[Chorus]
my heart exults, and with my song I give thanks to him,
    The Lord is the strength of his people,
my heart exults, and with my song I give thanks to him,
    The Lord Is My Strength and My Shield.

[Verse]
Do not drag me off with the wicked,
    with the workers of evil,
who speak peace with their neighbors while evil is in their hearts,
    Give to them according to their work and according to the evil of their deeds,

[pre-chorus]
Do not drag me off with the wicked,
    with the workers of evil,
who speak peace with their neighbors while evil is in their hearts,
    Give to them according to their work and according to the evil of their deeds,

[Chorus]
my heart exults, and with my song I give thanks to him,
    The Lord is the strength of his people,
my heart exults, and with my song I give thanks to him,
    The Lord Is My Strength and My Shield.

[Bridge | Stripped Back | Intimate]
he will tear them down and build them up no more,
    Blessed be the Lord! For he has heard the voice of my pleas for mercy,
The Lord is my strength and my shield,
    in him my heart trusts, and I am helped,

[Breakdown | Building | Full Band]
my heart exults, and with my song I give thanks to him,
    The Lord is the strength of his people,
he is the saving refuge of his anointed,
    Oh, save your people and bless your heritage! Be their shepherd and carry them forever,
",,false,chirp-fenix
,"[Intro]

[Verse]
Ascribe to the Lord,
    O heavenly beings,
ascribe to the Lord glory and strength,
    Ascribe to the Lord the glory due his name,

[pre-chorus]
The voice of the Lord is powerful,
    the voice of the Lord is full of majesty,
The voice of the Lord breaks the cedars,
    the Lord breaks the cedars of Lebanon,

[Chorus]
Glory,
    The Lord sits enthroned over the flood,
Glory,
    Ascribe to the Lord Glory.

[Verse]
The voice of the Lord is powerful,
    the voice of the Lord is full of majesty,
The voice of the Lord breaks the cedars,
    the Lord breaks the cedars of Lebanon,

[pre-chorus]
The voice of the Lord is powerful,
    the voice of the Lord is full of majesty,
The voice of the Lord breaks the cedars,
    the Lord breaks the cedars of Lebanon,

[Chorus]
Glory,
    The Lord sits enthroned over the flood,
Glory,
    Ascribe to the Lord Glory.

[Bridge | Stripped Back | Intimate]
The voice of the Lord shakes the wilderness,
    the Lord shakes the wilderness of Kadesh,
The voice of the Lord makes the deer give birth and strips the forests bare,
    and in his temple all cry,

[Breakdown | Building | Full Band]
Glory,
    The Lord sits enthroned over the flood,
the Lord sits enthroned as king forever,
    May the Lord give strength to his people! May the Lord bless his people with peace,
",,false,chirp-fenix
,"[Intro]

[Verse]
I will extol you,
    O Lord, for you have drawn me up and have not let my foes rejoice over me,
O Lord my God,
    I cried to you for help,

[pre-chorus]
As for me, I said in my prosperity,
    I shall never be moved,
By your favor,
    O Lord, you made my mountain stand strong,

[Chorus]
You have turned for me my mourning into dancing,
    you have loosed my sackcloth and clothed me with gladness,
You have turned for me my mourning into dancing,
    Joy Comes with the Morning.

[Verse]
For his anger is but for a moment,
    and his favor is for a lifetime,
Weeping may tarry for the night,
    but joy comes with the morning,

[pre-chorus]
As for me, I said in my prosperity,
    I shall never be moved,
By your favor,
    O Lord, you made my mountain stand strong,

[Chorus]
You have turned for me my mourning into dancing,
    you have loosed my sackcloth and clothed me with gladness,
You have turned for me my mourning into dancing,
    Joy Comes with the Morning.

[Bridge | Stripped Back | Intimate]
To you, O Lord,
    I cry, and to the Lord I plead for mercy,
What profit is there in my death,
    if I go down to the pit? Will the dust praise you? Will it tell of your faithfulness,

[Breakdown | Building | Full Band]
Hear, O Lord,
    and be merciful to me! O Lord,
be my helper,
    You have turned for me my mourning into dancing,
",,false,chirp-fenix
,"[Intro]

[Verse]
In you, O Lord, do I take refuge,
    let me never be put to shame,
in your righteousness deliver me,
    Incline your ear to me,

[pre-chorus]
and my years with sighing,
    my strength fails because of my iniquity,
and my bones waste away,
    Because of all my adversaries I have become a reproach,

[Chorus]
Love the Lord,
    all you his saints! The Lord preserves the faithful but abundantly repays the one who acts in pride,
Love the Lord,
    Into Your Hand I Commit My Spirit.

[Verse]
Be gracious to me, O Lord, for I am in distress,
    my eye is wasted from grief,
my soul and my body also,
    For my life is spent with sorrow,

[pre-chorus]
and my years with sighing,
    my strength fails because of my iniquity,
and my bones waste away,
    Because of all my adversaries I have become a reproach,

[Chorus]
Love the Lord,
    all you his saints! The Lord preserves the faithful but abundantly repays the one who acts in pride,
Love the Lord,
    Into Your Hand I Commit My Spirit.

[Bridge | Stripped Back | Intimate]
Make your face shine on your servant,
    save me in your steadfast love,
O Lord, let me not be put to shame, for I call upon you,
    let the wicked be put to shame,

[Breakdown | Building | Full Band]
let them go silently to Sheol,
    Let the lying lips be mute,
which speak insolently against the righteous in pride and contempt,
    Oh, how abundant is your goodness,
",,false,chirp-fenix
,"[Intro]

[Verse]
Blessed is the one whose transgression is forgiven,
    whose sin is covered,
Blessed is the man against whom the Lord counts no iniquity,
    and in whose spirit there is no deceit,

[pre-chorus]
they shall not reach him,
    You are a hiding place for me,
you preserve me from trouble,
    you surround me with shouts of deliverance,

[Chorus]
Be glad in the Lord,
    and rejoice, O righteous,
Be glad in the Lord,
    Blessed Are the Forgiven.

[Verse]
I said, I will confess my transgressions to the Lord,
    and you forgave the iniquity of my sin,
Therefore let everyone who is godly offer prayer to you at a time when you may be found,
    surely in the rush of great waters,

[pre-chorus]
they shall not reach him,
    You are a hiding place for me,
you preserve me from trouble,
    you surround me with shouts of deliverance,

[Chorus]
Be glad in the Lord,
    and rejoice, O righteous,
Be glad in the Lord,
    Blessed Are the Forgiven.

[Bridge | Stripped Back | Intimate]
Be not like a horse or a mule,
    without understanding,
which must be curbed with bit and bridle,
    or it will not stay near you,

[Breakdown | Building | Full Band]
Many are the sorrows of the wicked,
    but steadfast love surrounds the one who trusts in the Lord,
Be glad in the Lord,
    and rejoice, O righteous,
",,false,chirp-fenix
,"[Intro]

[Verse]
Shout for joy in the Lord,
    O you righteous! Praise befits the upright,
Give thanks to the Lord with the lyre,
    make melody to him with the harp of ten strings,

[pre-chorus]
The Lord brings the counsel of the nations to nothing,
    he frustrates the plans of the peoples,
The counsel of the Lord stands forever,
    the plans of his heart to all generations,

[Chorus]
because we trust in his holy name,
    Let your steadfast love,
because we trust in his holy name,
    The Steadfast Love of the Lord.

[Verse]
Let all the earth fear the Lord,
    let all the inhabitants of the world stand in awe of him,
For he spoke, and it came to be,
    he commanded, and it stood firm,

[pre-chorus]
The Lord brings the counsel of the nations to nothing,
    he frustrates the plans of the peoples,
The counsel of the Lord stands forever,
    the plans of his heart to all generations,

[Chorus]
because we trust in his holy name,
    Let your steadfast love,
because we trust in his holy name,
    The Steadfast Love of the Lord.

[Bridge | Stripped Back | Intimate]
The king is not saved by his great army,
    a warrior is not delivered by his great strength,
The war horse is a false hope for salvation,
    and by its great might it cannot rescue,

[Breakdown | Building | Full Band]
Behold, the eye of the Lord is on those who fear him,
    on those who hope in his steadfast love,
that he may deliver their soul from death and keep them alive in famine,
    Our soul waits for the Lord,
",,false,chirp-fenix
,"[Intro]

[Verse]
I will bless the Lord at all times,
    his praise shall continually be in my mouth,
My soul makes its boast in the Lord,
    let the humble hear and be glad,

[pre-chorus]
for those who fear him have no lack,
    The young lions suffer want and hunger,
but those who seek the Lord lack no good thing,
    Come, O children, listen to me,

[Chorus]
Affliction will slay the wicked,
    and those who hate the righteous will be condemned,
Affliction will slay the wicked,
    Taste and See That the Lord Is Good.

[Verse]
and delivers them,
    Oh, taste and see that the Lord is good! Blessed is the man who takes refuge in him,
Oh, fear the Lord,
    you his saints,

[pre-chorus]
for those who fear him have no lack,
    The young lions suffer want and hunger,
but those who seek the Lord lack no good thing,
    Come, O children, listen to me,

[Chorus]
Affliction will slay the wicked,
    and those who hate the righteous will be condemned,
Affliction will slay the wicked,
    Taste and See That the Lord Is Good.

[Bridge | Stripped Back | Intimate]
seek peace and pursue it,
    The eyes of the Lord are toward the righteous and his ears toward their cry,
The face of the Lord is against those who do evil,
    to cut off the memory of them from the earth,

[Breakdown | Building | Full Band]
When the righteous cry for help,
    the Lord hears and delivers them out of all their troubles,
The Lord is near to the brokenhearted and saves the crushed in spirit,
    Many are the afflictions of the righteous,
",,false,chirp-fenix
,"[Intro]

[Verse]
Contend, O Lord, with those who contend with me,
    fight against those who fight against me,
Take hold of shield and buckler and rise for my help,
    Draw the spear and javelin against my pursuers! Say to my soul,

[pre-chorus]
But I, when they were sick — I wore sackcloth,
    I afflicted myself with fasting,
I prayed with head bowed on my chest,
    I went about as though I grieved for my friend or my brother,

[Chorus]
Let those who delight in my righteousness shout for joy and be glad and say evermore,
    Great is the Lord,
Let those who delight in my righteousness shout for joy and be glad and say evermore,
    Great Is the Lord.

[Verse]
Malicious witnesses rise up,
    they ask me of things that I do not know,
They repay me evil for good,
    my soul is bereft,

[pre-chorus]
But I, when they were sick — I wore sackcloth,
    I afflicted myself with fasting,
I prayed with head bowed on my chest,
    I went about as though I grieved for my friend or my brother,

[Chorus]
Let those who delight in my righteousness shout for joy and be glad and say evermore,
    Great is the Lord,
Let those who delight in my righteousness shout for joy and be glad and say evermore,
    Great Is the Lord.

[Bridge | Stripped Back | Intimate]
and let not those wink the eye who hate me without cause,
    For they do not speak peace,
but against those who are quiet in the land they devise words of deceit,
    They open wide their mouths against me,

[Breakdown | Building | Full Band]
they say, Aha, Aha! Our eyes have seen it,
    You have seen, O Lord,
be not silent! O Lord, be not far from me,
    Awake and rouse yourself for my vindication,
",,false,chirp-fenix
,"[Intro]

[Verse]
Transgression speaks to the wicked deep in his heart,
    there is no fear of God before his eyes,
For he flatters himself in his own eyes that his iniquity cannot be found out and hated,
    The words of his mouth are trouble and deceit,

[pre-chorus]
your judgments are like the great deep,
    man and beast you save, O Lord,
How precious is your steadfast love,
    O God! The children of mankind take refuge in the shadow of your wings,

[Chorus]
Let not the foot of arrogance come upon me,
    nor the hand of the wicked drive me away,
Let not the foot of arrogance come upon me,
    How Precious Is Your Steadfast Love.

[Verse]
Your steadfast love,
    O Lord, extends to the heavens,
your faithfulness to the clouds,
    Your righteousness is like the mountains of God,

[pre-chorus]
your judgments are like the great deep,
    man and beast you save, O Lord,
How precious is your steadfast love,
    O God! The children of mankind take refuge in the shadow of your wings,

[Chorus]
Let not the foot of arrogance come upon me,
    nor the hand of the wicked drive me away,
Let not the foot of arrogance come upon me,
    How Precious Is Your Steadfast Love.

[Bridge | Stripped Back | Intimate]
They feast on the abundance of your house,
    and you give them drink from the river of your delights,
For with you is the fountain of life,
    in your light do we see light,

[Breakdown | Building | Full Band]
Oh, continue your steadfast love to those who know you,
    and your righteousness to the upright of heart,
Let not the foot of arrogance come upon me,
    nor the hand of the wicked drive me away,
",,false,chirp-fenix
,"[Intro]

[Verse]
Fret not yourself because of evildoers,
    be not envious of wrongdoers,
For they will soon fade like the grass and wither like the green herb,
    Trust in the Lord, and do good,

[pre-chorus]
but the Lord upholds the righteous,
    The Lord knows the days of the blameless,
and their heritage will remain forever,
    they are not put to shame in evil times,

[Chorus]
he is their stronghold in the time of trouble,
    The Lord helps them and delivers them,
he is their stronghold in the time of trouble,
    He Will Not Forsake His Saints.

[Verse]
their sword shall enter their own heart,
    and their bows shall be broken,
Better is the little that the righteous has than the abundance of many wicked,
    For the arms of the wicked shall be broken,

[pre-chorus]
but the Lord upholds the righteous,
    The Lord knows the days of the blameless,
and their heritage will remain forever,
    they are not put to shame in evil times,

[Chorus]
he is their stronghold in the time of trouble,
    The Lord helps them and delivers them,
he is their stronghold in the time of trouble,
    He Will Not Forsake His Saints.

[Bridge | Stripped Back | Intimate]
For the Lord loves justice,
    he will not forsake his saints,
They are preserved forever,
    but the children of the wicked shall be cut off,

[Breakdown | Building | Full Band]
The righteous shall inherit the land and dwell upon it forever,
    The mouth of the righteous utters wisdom,
and his tongue speaks justice,
    The law of his God is in his heart,
",,false,chirp-fenix
,"[Intro]

[Verse]
O Lord, rebuke me not in your anger,
    nor discipline me in your wrath,
For your arrows have sunk into me,
    and your hand has come down on me,

[pre-chorus]
my strength fails me,
    and the light of my eyes — it also has gone from me,
My friends and companions stand aloof from my plague,
    and my nearest kin stand far off,

[Chorus]
Do not forsake me,
    O Lord! O my God,
Do not forsake me,
    Do Not Forsake Me, O Lord.

[Verse]
I groan because of the tumult of my heart,
    O Lord, all my longing is before you,
my sighing is not hidden from you,
    My heart throbs,

[pre-chorus]
my strength fails me,
    and the light of my eyes — it also has gone from me,
My friends and companions stand aloof from my plague,
    and my nearest kin stand far off,

[Chorus]
Do not forsake me,
    O Lord! O my God,
Do not forsake me,
    Do Not Forsake Me, O Lord.

[Bridge | Stripped Back | Intimate]
and in whose mouth are no rebukes,
    But for you, O Lord, do I wait,
it is you, O Lord my God, who will answer,
    For I said, Only let them not rejoice over me,

[Breakdown | Building | Full Band]
who boast against me when my foot slips,
    For I am ready to fall, and my pain is ever before me,
I confess my iniquity,
    I am sorry for my sin,
",,false,chirp-fenix
,"[Intro]

[Verse]
? To the choirmaster : to Jeduthun,
    A Psalm of David,
I said, I will guard my ways,
    that I may not sin with my tongue,

[pre-chorus]
Surely all mankind stands as a mere breath,
    Surely a man goes about as a shadow! Surely for nothing they are in turmoil,
man heaps up wealth and does not know who will gather,
    And now, O Lord, for what do I wait? My hope is in you,

[Chorus]
a guest, like all my fathers,
    Look away from me,
a guest, like all my fathers,
    What Is the Measure of My Days.

[Verse]
O Lord, make me know my end and what is the measure of my days,
    let me know how fleeting I am,
Behold, you have made my days a few handbreadths,
    and my lifetime is as nothing before you,

[pre-chorus]
Surely all mankind stands as a mere breath,
    Surely a man goes about as a shadow! Surely for nothing they are in turmoil,
man heaps up wealth and does not know who will gather,
    And now, O Lord, for what do I wait? My hope is in you,

[Chorus]
a guest, like all my fathers,
    Look away from me,
a guest, like all my fathers,
    What Is the Measure of My Days.

[Bridge | Stripped Back | Intimate]
I do not open my mouth, for it is you who have done it,
    Remove your stroke from me,
I am spent by the hostility of your hand,
    When you discipline a man with rebukes for sin,

[Breakdown | Building | Full Band]
you consume like a moth what is dear to him,
    surely all mankind is a mere breath,
Hear my prayer, O Lord, and give ear to my cry,
    hold not your peace at my tears! For I am a sojourner with you,
",,false,chirp-fenix
,"[Intro]

[Verse]
I waited patiently for the Lord,
    he inclined to me and heard my cry,
He drew me up from the pit of destruction,
    out of the miry bog,

[pre-chorus]
in the scroll of the book it is written of me,
    I delight to do your will, O my God,
your law is within my heart,
    I have told the glad news of deliverance in the great congregation,

[Chorus]
As for me, I am poor and needy,
    but the Lord takes thought for me,
As for me, I am poor and needy,
    My Help and My Deliverer.

[Verse]
In sacrifice and offering you have not delighted,
    but you have given me an open ear,
Burnt offering and sin offering you have not required,
    Then I said, Behold, I have come,

[pre-chorus]
in the scroll of the book it is written of me,
    I delight to do your will, O my God,
your law is within my heart,
    I have told the glad news of deliverance in the great congregation,

[Chorus]
As for me, I am poor and needy,
    but the Lord takes thought for me,
As for me, I am poor and needy,
    My Help and My Deliverer.

[Bridge | Stripped Back | Intimate]
my iniquities have overtaken me, and I cannot see,
    they are more than the hairs of my head,
my heart fails me,
    Be pleased, O Lord,

[Breakdown | Building | Full Band]
to deliver me! O Lord,
    make haste to help me,
Let those be put to shame and disappointed altogether who seek to snatch away my life,
    let those be turned back and brought to dishonor who delight in my hurt,
",,false,chirp-fenix
,"[Intro]

[Verse]
Blessed is the one who considers the poor! In the day of trouble the Lord delivers him,
    the Lord protects him and keeps him alive,
he is called blessed in the land,
    you do not give him up to the will of his enemies,

[pre-chorus]
All who hate me whisper together about me,
    they imagine the worst for me,
They say, A deadly thing is poured out on him,
    he will not rise again from where he lies,

[Chorus]
Blessed be the Lord,
    the God of Israel,
Blessed be the Lord,
    O Lord, Be Gracious to Me.

[Verse]
And when one comes to see me,
    he utters empty words,
while his heart gathers iniquity,
    when he goes out, he tells it abroad,

[pre-chorus]
All who hate me whisper together about me,
    they imagine the worst for me,
They say, A deadly thing is poured out on him,
    he will not rise again from where he lies,

[Chorus]
Blessed be the Lord,
    the God of Israel,
Blessed be the Lord,
    O Lord, Be Gracious to Me.

[Bridge | Stripped Back | Intimate]
But you, O Lord,
    be gracious to me,
and raise me up,
    that I may repay them,

[Breakdown | Building | Full Band]
By this I know that you delight in me: my enemy will not shout in triumph over me,
    But you have upheld me because of my integrity,
and set me in your presence forever,
    Blessed be the Lord,
",,false,chirp-fenix
,"[Intro]

[Verse]
? To the choirmaster,
    A Maskil of the Sons of Korah,
As a deer pants for flowing streams,
    so pants my soul for you,

[pre-chorus]
for I shall again praise him, my salvation,
    and my God,
My soul is cast down within me,
    therefore I remember you from the land of Jordan and of Hermon,

[Chorus]
Where is your God,
    Why are you cast down,
Where is your God,
    Why Are You Cast Down, O My Soul.

[Verse]
as I pour out my soul : how I would go with the throng and lead them in procession to the house of God with glad shouts and songs of praise,
    a multitude keeping festival,
Why are you cast down,
    O my soul, and why are you in turmoil within me? Hope in God,

[pre-chorus]
for I shall again praise him, my salvation,
    and my God,
My soul is cast down within me,
    therefore I remember you from the land of Jordan and of Hermon,

[Chorus]
Where is your God,
    Why are you cast down,
Where is your God,
    Why Are You Cast Down, O My Soul.

[Bridge | Stripped Back | Intimate]
By day the Lord commands his steadfast love,
    and at night his song is with me,
a prayer to the God of my life,
    I say to God,

[Breakdown | Building | Full Band]
my rock : Why have you forgotten me? Why do I go mourning because of the oppression of the enemy,
    As with a deadly wound in my bones,
my adversaries taunt me,
    while they say to me all the day long,
",,false,chirp-fenix
,"[Intro]

[Verse]
Vindicate me,
    O God, and defend my cause against an ungodly people,
from the deceitful and unjust man deliver me,
    For you are the God in whom I take refuge,

[pre-chorus]
Send out your light and your truth,
    let them lead me,
let them bring me to your holy hill and to your dwelling,
    Then I will go to the altar of God,

[Chorus]
O God, my God,
    Why are you cast down,
O God, my God,
    Send Out Your Light and Your Truth.

[Verse]
Send out your light and your truth,
    let them lead me,
let them bring me to your holy hill and to your dwelling,
    Then I will go to the altar of God,

[pre-chorus]
Send out your light and your truth,
    let them lead me,
let them bring me to your holy hill and to your dwelling,
    Then I will go to the altar of God,

[Chorus]
O God, my God,
    Why are you cast down,
O God, my God,
    Send Out Your Light and Your Truth.

[Bridge | Stripped Back | Intimate]
and I will praise you with the lyre,
    O God, my God,
Why are you cast down,
    O my soul, and why are you in turmoil within me? Hope in God,

[Breakdown | Building | Full Band]
for I shall again praise him, my salvation and my God,
    and I will praise you with the lyre,
O God, my God,
    Why are you cast down,
",,false,chirp-fenix
,"[Intro]

[Verse]
O God, we have heard with our ears,
    our fathers have told us,
what deeds you performed in their days,
    in the days of old,

[pre-chorus]
You have made us turn back from the foe,
    and those who hate us have gotten spoil,
You have made us like sheep for slaughter and have scattered us among the nations,
    You have sold your people for a trifle,

[Chorus]
For our soul is bowed down to the dust,
    our belly clings to the ground,
For our soul is bowed down to the dust,
    Come to Our Help.

[Verse]
But you have saved us from our foes and have put to shame those who hate us,
    In God we have boasted continually,
and we will give thanks to your name forever,
    But you have rejected us and disgraced us and have not gone out with our armies,

[pre-chorus]
You have made us turn back from the foe,
    and those who hate us have gotten spoil,
You have made us like sheep for slaughter and have scattered us among the nations,
    You have sold your people for a trifle,

[Chorus]
For our soul is bowed down to the dust,
    our belly clings to the ground,
For our soul is bowed down to the dust,
    Come to Our Help.

[Bridge | Stripped Back | Intimate]
All this has come upon us,
    though we have not forgotten you,
and we have not been false to your covenant,
    Our heart has not turned back,

[Breakdown | Building | Full Band]
nor have our steps departed from your way,
    yet you have broken us in the place of jackals and covered us with the shadow of death,
If we had forgotten the name of our God or spread out our hands to a foreign god,
    would not God discover this? For he knows the secrets of the heart,
",,false,chirp-fenix
,"[Intro]

[Verse]
a love song,
    My heart overflows with a pleasing theme,
I address my verses to the king,
    my tongue is like the pen of a ready scribe,

[pre-chorus]
Therefore God,
    your God, has anointed you with the oil of gladness beyond your companions,
your robes are all fragrant with myrrh and aloes and cassia,
    From ivory palaces stringed instruments make you glad,

[Chorus]
In place of your fathers shall be your sons,
    you will make them princes in all the earth,
In place of your fathers shall be your sons,
    Your Throne, O God, Is Forever.

[Verse]
the peoples fall under you,
    Your throne, O God, is forever and ever,
The scepter of your kingdom is a scepter of uprightness,
    you have loved righteousness and hated wickedness,

[pre-chorus]
Therefore God,
    your God, has anointed you with the oil of gladness beyond your companions,
your robes are all fragrant with myrrh and aloes and cassia,
    From ivory palaces stringed instruments make you glad,

[Chorus]
In place of your fathers shall be your sons,
    you will make them princes in all the earth,
In place of your fathers shall be your sons,
    Your Throne, O God, Is Forever.

[Bridge | Stripped Back | Intimate]
and the king will desire your beauty,
    Since he is your lord, bow to him,
The people of Tyre will seek your favor with gifts,
    the richest of the people,

[Breakdown | Building | Full Band]
All glorious is the princess in her chamber,
    with robes interwoven with gold,
In many-colored robes she is led to the king,
    with her virgin companions following behind her,
",,false,chirp-fenix
,"[Intro]

[Verse]
God is our refuge and strength,
    a very present help in trouble,
Therefore we will not fear though the earth gives way,
    though the mountains be moved into the heart of the sea,

[pre-chorus]
he utters his voice, the earth melts,
    The Lord of hosts is with us,
the God of Jacob is our fortress,
    Come, behold the works of the Lord,

[Chorus]
I will be exalted among the nations,
    I will be exalted in the earth,
I will be exalted among the nations,
    God Is Our Fortress.

[Verse]
God is in the midst of her,
    she shall not be moved,
God will help her when morning dawns,
    The nations rage, the kingdoms totter,

[pre-chorus]
he utters his voice, the earth melts,
    The Lord of hosts is with us,
the God of Jacob is our fortress,
    Come, behold the works of the Lord,

[Chorus]
I will be exalted among the nations,
    I will be exalted in the earth,
I will be exalted among the nations,
    God Is Our Fortress.

[Bridge | Stripped Back | Intimate]
how he has brought desolations on the earth,
    He makes wars cease to the end of the earth,
he breaks the bow and shatters the spear,
    he burns the chariots with fire,

[Breakdown | Building | Full Band]
Be still, and know that I am God,
    I will be exalted among the nations,
I will be exalted in the earth,
    The Lord of hosts is with us,
",,false,chirp-fenix
,"[Intro]

[Verse]
Clap your hands,
    all peoples! Shout to God with loud songs of joy,
For the Lord,
    the Most High,

[pre-chorus]
He chose our heritage for us,
    the pride of Jacob whom he loves,
God has gone up with a shout,
    the Lord with the sound of a trumpet,

[Chorus]
God sits on his holy throne,
    The princes of the peoples gather as the people of the God of Abraham,
God sits on his holy throne,
    God Is King over All the Earth.

[Verse]
He chose our heritage for us,
    the pride of Jacob whom he loves,
God has gone up with a shout,
    the Lord with the sound of a trumpet,

[pre-chorus]
He chose our heritage for us,
    the pride of Jacob whom he loves,
God has gone up with a shout,
    the Lord with the sound of a trumpet,

[Chorus]
God sits on his holy throne,
    The princes of the peoples gather as the people of the God of Abraham,
God sits on his holy throne,
    God Is King over All the Earth.

[Bridge | Stripped Back | Intimate]
For God is the King of all the earth,
    sing praises with a psalm,
God reigns over the nations,
    God sits on his holy throne,

[Breakdown | Building | Full Band]
The princes of the peoples gather as the people of the God of Abraham,
    For the shields of the earth belong to God,
he is highly exalted,
    For God is the King of all the earth,
",,false,chirp-fenix
,"[Intro]

[Verse]
Great is the Lord and greatly to be praised in the city of our God! His holy mountain,
    beautiful in elevation,
is the joy of all the earth,
    Mount Zion, in the far north,

[pre-chorus]
As we have heard,
    so have we seen in the city of the Lord of hosts,
in the city of our God,
    which God will establish forever,

[Chorus]
go through her citadels,
    that you may tell the next generation,
go through her citadels,
    Zion, the City of Our God.

[Verse]
they took to flight,
    Trembling took hold of them there,
anguish as of a woman in labor,
    By the east wind you shattered the ships of Tarshish,

[pre-chorus]
As we have heard,
    so have we seen in the city of the Lord of hosts,
in the city of our God,
    which God will establish forever,

[Chorus]
go through her citadels,
    that you may tell the next generation,
go through her citadels,
    Zion, the City of Our God.

[Bridge | Stripped Back | Intimate]
As your name,
    O God, so your praise reaches to the ends of the earth,
Your right hand is filled with righteousness,
    Let Mount Zion be glad! Let the daughters of Judah rejoice because of your judgments,

[Breakdown | Building | Full Band]
Walk about Zion, go around her, number her towers,
    consider well her ramparts,
go through her citadels,
    that you may tell the next generation,
",,false,chirp-fenix
,"[Intro]

[Verse]
? To the choirmaster,
    A Psalm of the Sons of Korah,
Hear this, all peoples! Give ear,
    all inhabitants of the world,

[pre-chorus]
the fool and the stupid alike must perish and leave their wealth to others,
    Their graves are their homes forever,
their dwelling places to all generations,
    though they called lands by their own names,

[Chorus]
he counts himself blessed —and though you get praise when you do well for yourself—,
    his soul will go to the generation of his fathers,
he counts himself blessed —and though you get praise when you do well for yourself—,
    Why Should I Fear in Times of Trouble.

[Verse]
or give to God the price of his life,
    for the ransom of their life is costly and can never suffice,
that he should live on forever and never see the pit,
    For he sees that even the wise die,

[pre-chorus]
the fool and the stupid alike must perish and leave their wealth to others,
    Their graves are their homes forever,
their dwelling places to all generations,
    though they called lands by their own names,

[Chorus]
he counts himself blessed —and though you get praise when you do well for yourself—,
    his soul will go to the generation of his fathers,
he counts himself blessed —and though you get praise when you do well for yourself—,
    Why Should I Fear in Times of Trouble.

[Bridge | Stripped Back | Intimate]
death shall be their shepherd,
    and the upright shall rule over them in the morning,
Their form shall be consumed in Sheol,
    with no place to dwell,

[Breakdown | Building | Full Band]
But God will ransom my soul from the power of Sheol,
    for he will receive me,
Be not afraid when a man becomes rich,
    when the glory of his house increases,
",,false,chirp-fenix
,"[Intro]

[Verse]
The Mighty One,
    God the Lord,
speaks and summons the earth from the rising of the sun to its setting,
    Out of Zion, the perfection of beauty, God shines forth,

[pre-chorus]
the cattle on a thousand hills,
    I know all the birds of the hills,
and all that moves in the field is mine,
    If I were hungry,

[Chorus]
lest I tear you apart,
    and there be none to deliver,
lest I tear you apart,
    God Himself Is Judge.

[Verse]
Not for your sacrifices do I rebuke you,
    your burnt offerings are continually before me,
I will not accept a bull from your house or goats from your folds,
    For every beast of the forest is mine,

[pre-chorus]
the cattle on a thousand hills,
    I know all the birds of the hills,
and all that moves in the field is mine,
    If I were hungry,

[Chorus]
lest I tear you apart,
    and there be none to deliver,
lest I tear you apart,
    God Himself Is Judge.

[Bridge | Stripped Back | Intimate]
and you cast my words behind you,
    If you see a thief,
you are pleased with him,
    and you keep company with adulterers,

[Breakdown | Building | Full Band]
You give your mouth free rein for evil,
    and your tongue frames deceit,
You sit and speak against your brother,
    you slander your own mother’s son,
",,false,chirp-fenix
,"[Intro]

[Verse]
Have mercy on me,
    O God, according to your steadfast love,
according to your abundant mercy blot out my transgressions,
    Wash me thoroughly from my iniquity,

[pre-chorus]
Hide your face from my sins,
    and blot out all my iniquities,
Create in me a clean heart,
    O God, and renew a right spirit within me,

[Chorus]
build up the walls of Jerusalem,
    then will you delight in right sacrifices,
build up the walls of Jerusalem,
    Create in Me a Clean Heart, O God.

[Verse]
Purge me with hyssop, and I shall be clean,
    wash me, and I shall be whiter than snow,
Let me hear joy and gladness,
    let the bones that you have broken rejoice,

[pre-chorus]
Hide your face from my sins,
    and blot out all my iniquities,
Create in me a clean heart,
    O God, and renew a right spirit within me,

[Chorus]
build up the walls of Jerusalem,
    then will you delight in right sacrifices,
build up the walls of Jerusalem,
    Create in Me a Clean Heart, O God.

[Bridge | Stripped Back | Intimate]
Deliver me from bloodguiltiness,
    O God, O God of my salvation,
and my tongue will sing aloud of your righteousness,
    O Lord, open my lips,

[Breakdown | Building | Full Band]
and my mouth will declare your praise,
    For you will not delight in sacrifice,
or I would give it,
    you will not be pleased with a burnt offering,
",,false,chirp-fenix
,"[Intro]

[Verse]
Why do you boast of evil,
    O mighty man? The steadfast love of God endures all the day,
Your tongue plots destruction,
    like a sharp razor,

[pre-chorus]
You love all words that devour, O deceitful tongue,
    But God will break you down forever,
he will snatch and tear you from your tent,
    he will uproot you from the land of the living,

[Chorus]
I will thank you forever, because you have done it,
    I will wait for your name,
I will thank you forever, because you have done it,
    The Steadfast Love of God Endures.

[Verse]
You love all words that devour, O deceitful tongue,
    But God will break you down forever,
he will snatch and tear you from your tent,
    he will uproot you from the land of the living,

[pre-chorus]
You love all words that devour, O deceitful tongue,
    But God will break you down forever,
he will snatch and tear you from your tent,
    he will uproot you from the land of the living,

[Chorus]
I will thank you forever, because you have done it,
    I will wait for your name,
I will thank you forever, because you have done it,
    The Steadfast Love of God Endures.

[Bridge | Stripped Back | Intimate]
See the man who would not make God his refuge,
    but trusted in the abundance of his riches and sought refuge in his own destruction,
But I am like a green olive tree in the house of God,
    I trust in the steadfast love of God forever and ever,

[Breakdown | Building | Full Band]
I will thank you forever, because you have done it,
    I will wait for your name,
for it is good,
    in the presence of the godly,
",,false,chirp-fenix
,"[Intro]

[Verse]
The fool says in his heart, There is no God,
    They are corrupt, doing abominable iniquity,
there is none who does good,
    God looks down from heaven on the children of man to see if there are any who understand,

[pre-chorus]
together they have become corrupt,
    there is none who does good, not even one,
Have those who work evil no knowledge,
    who eat up my people as they eat bread,

[Chorus]
you put them to shame, for God has rejected them,
    Oh, that salvation for Israel would come out of Zion! When God restores the fortunes of his people,
you put them to shame, for God has rejected them,
    There Is None Who Does Good.

[Verse]
together they have become corrupt,
    there is none who does good, not even one,
Have those who work evil no knowledge,
    who eat up my people as they eat bread,

[pre-chorus]
together they have become corrupt,
    there is none who does good, not even one,
Have those who work evil no knowledge,
    who eat up my people as they eat bread,

[Chorus]
you put them to shame, for God has rejected them,
    Oh, that salvation for Israel would come out of Zion! When God restores the fortunes of his people,
you put them to shame, for God has rejected them,
    There Is None Who Does Good.

[Bridge | Stripped Back | Intimate]
in great terror,
    where there is no terror! For God scatters the bones of him who encamps against you,
you put them to shame, for God has rejected them,
    Oh, that salvation for Israel would come out of Zion! When God restores the fortunes of his people,

[Breakdown | Building | Full Band]
let Jacob rejoice,
    let Israel be glad,
in great terror,
    where there is no terror! For God scatters the bones of him who encamps against you,
",,false,chirp-fenix
,"[Intro]

[Verse]
O God, hear my prayer,
    give ear to the words of my mouth,
For strangers have risen against me,
    ruthless men seek my life,

[pre-chorus]
they do not set God before themselves,
    Behold, God is my helper,
the Lord is the upholder of my life,
    He will return the evil to my enemies,

[Chorus]
With a freewill offering I will sacrifice to you,
    I will give thanks to your name, O Lord, for it is good,
With a freewill offering I will sacrifice to you,
    The Lord Upholds My Life.

[Verse]
they do not set God before themselves,
    Behold, God is my helper,
the Lord is the upholder of my life,
    He will return the evil to my enemies,

[pre-chorus]
they do not set God before themselves,
    Behold, God is my helper,
the Lord is the upholder of my life,
    He will return the evil to my enemies,

[Chorus]
With a freewill offering I will sacrifice to you,
    I will give thanks to your name, O Lord, for it is good,
With a freewill offering I will sacrifice to you,
    The Lord Upholds My Life.

[Bridge | Stripped Back | Intimate]
in your faithfulness put an end to them,
    With a freewill offering I will sacrifice to you,
I will give thanks to your name, O Lord, for it is good,
    For he has delivered me from every trouble,

[Breakdown | Building | Full Band]
and my eye has looked in triumph on my enemies,
    in your faithfulness put an end to them,
With a freewill offering I will sacrifice to you,
    I will give thanks to your name, O Lord, for it is good,
",,false,chirp-fenix
,"[Intro]

[Verse]
Give ear to my prayer,
    O God, and hide not yourself from my plea for mercy,
Attend to me, and answer me,
    I am restless in my complaint and I moan,

[pre-chorus]
oppression and fraud do not depart from its marketplace,
    For it is not an enemy who taunts me— then I could bear it,
it is not an adversary who deals insolently with me— then I could hide from him,
    But it is you,

[Chorus]
But you, O God,
    will cast them down into the pit of destruction,
But you, O God,
    Cast Your Burden on the Lord.

[Verse]
for I see violence and strife in the city,
    Day and night they go around it on its walls,
and iniquity and trouble are within it,
    ruin is in its midst,

[pre-chorus]
oppression and fraud do not depart from its marketplace,
    For it is not an enemy who taunts me— then I could bear it,
it is not an adversary who deals insolently with me— then I could hide from him,
    But it is you,

[Chorus]
But you, O God,
    will cast them down into the pit of destruction,
But you, O God,
    Cast Your Burden on the Lord.

[Bridge | Stripped Back | Intimate]
and he hears my voice,
    He redeems my soul in safety from the battle that I wage,
for many are arrayed against me,
    God will give ear and humble them,

[Breakdown | Building | Full Band]
he who is enthroned from of old,
    because they do not change and do not fear God,
My companion stretched out his hand against his friends,
    he violated his covenant,
",,false,chirp-fenix
,"[Intro]

[Verse]
Be gracious to me, O God, for man tramples on me,
    all day long an attacker oppresses me,
my enemies trample on me all day long,
    for many attack me proudly,

[pre-chorus]
O God,
    You have kept count of my tossings,
put my tears in your bottle,
    Are they not in your book,

[Chorus]
I will render thank offerings to you,
    For you have delivered my soul from death,
I will render thank offerings to you,
    In God I Trust.

[Verse]
all their thoughts are against me for evil,
    They stir up strife, they lurk,
they watch my steps, as they have waited for my life,
    For their crime will they escape? In wrath cast down the peoples,

[pre-chorus]
O God,
    You have kept count of my tossings,
put my tears in your bottle,
    Are they not in your book,

[Chorus]
I will render thank offerings to you,
    For you have delivered my soul from death,
I will render thank offerings to you,
    In God I Trust.

[Bridge | Stripped Back | Intimate]
This I know, that God is for me,
    In God, whose word I praise,
in the Lord, whose word I praise,
    in God I trust,

[Breakdown | Building | Full Band]
I shall not be afraid,
    What can man do to me,
I must perform my vows to you, O God,
    I will render thank offerings to you,
",,false,chirp-fenix
,"[Intro]

[Verse]
Be merciful to me,
    O God, be merciful to me,
for in you my soul takes refuge,
    in the shadow of your wings I will take refuge,

[pre-chorus]
Be exalted, O God,
    above the heavens! Let your glory be over all the earth,
They set a net for my steps,
    my soul was bowed down,

[Chorus]
For your steadfast love is great to the heavens,
    your faithfulness to the clouds,
For your steadfast love is great to the heavens,
    Let Your Glory Be over All the Earth.

[Verse]
My soul is in the midst of lions,
    I lie down amid fiery beasts — the children of man,
whose teeth are spears and arrows,
    whose tongues are sharp swords,

[pre-chorus]
Be exalted, O God,
    above the heavens! Let your glory be over all the earth,
They set a net for my steps,
    my soul was bowed down,

[Chorus]
For your steadfast love is great to the heavens,
    your faithfulness to the clouds,
For your steadfast love is great to the heavens,
    Let Your Glory Be over All the Earth.

[Bridge | Stripped Back | Intimate]
My heart is steadfast,
    O God, my heart is steadfast! I will sing and make melody,
Awake, my glory! Awake,
    O harp and lyre! I will awake the dawn,

[Breakdown | Building | Full Band]
I will give thanks to you, O Lord, among the peoples,
    I will sing praises to you among the nations,
For your steadfast love is great to the heavens,
    your faithfulness to the clouds,
",,false,chirp-fenix
,"[Intro]

[Verse]
Do you indeed decree what is right,
    you gods? Do you judge the children of man uprightly,
No, in your hearts you devise wrongs,
    your hands deal out violence on earth,

[pre-chorus]
like the deaf adder that stops its ear,
    so that it does not hear the voice of charmers or of the cunning enchanter,
O God, break the teeth in their mouths,
    tear out the fangs of the young lions, O Lord,

[Chorus]
he will bathe his feet in the blood of the wicked,
    Mankind will say,
he will bathe his feet in the blood of the wicked,
    God Who Judges the Earth.

[Verse]
like the deaf adder that stops its ear,
    so that it does not hear the voice of charmers or of the cunning enchanter,
O God, break the teeth in their mouths,
    tear out the fangs of the young lions, O Lord,

[pre-chorus]
like the deaf adder that stops its ear,
    so that it does not hear the voice of charmers or of the cunning enchanter,
O God, break the teeth in their mouths,
    tear out the fangs of the young lions, O Lord,

[Chorus]
he will bathe his feet in the blood of the wicked,
    Mankind will say,
he will bathe his feet in the blood of the wicked,
    God Who Judges the Earth.

[Bridge | Stripped Back | Intimate]
like the stillborn child who never sees the sun,
    Sooner than your pots can feel the heat of thorns,
whether green or ablaze,
    may he sweep them away,

[Breakdown | Building | Full Band]
The righteous will rejoice when he sees the vengeance,
    he will bathe his feet in the blood of the wicked,
Mankind will say,
    Surely there is a reward for the righteous,
",,false,chirp-fenix
,"[Intro]

[Verse]
Deliver me from my enemies, O my God,
    protect me from those who rise up against me,
deliver me from those who work evil,
    and save me from bloodthirsty men,

[pre-chorus]
O my Strength,
    I will watch for you,
for you, O God,
    are my fortress,

[Chorus]
I will sing praises to you,
    for you, O God,
I will sing praises to you,
    Deliver Me from My Enemies.

[Verse]
bellowing with their mouths with swords in their lips — for Who,
    they think, will hear us,
But you, O Lord, laugh at them,
    you hold all the nations in derision,

[pre-chorus]
O my Strength,
    I will watch for you,
for you, O God,
    are my fortress,

[Chorus]
I will sing praises to you,
    for you, O God,
I will sing praises to you,
    Deliver Me from My Enemies.

[Bridge | Stripped Back | Intimate]
let them be trapped in their pride,
    For the cursing and lies that they utter,
consume them in wrath,
    consume them till they are no more,

[Breakdown | Building | Full Band]
that they may know that God rules over Jacob to the ends of the earth,
    Each evening they come back,
howling like dogs and prowling about the city,
    They wander about for food and growl if they do not get their fill,
",,false,chirp-fenix
,"[Intro]

[Verse]
for instruction,
    when he strove with Aram-naharaim and with Aram-zobah,
and when Joab on his return struck down twelve thousand of Edom in the Valley of Salt,
    O God, you have rejected us, broken our defenses,

[pre-chorus]
give salvation by your right hand and answer us,
    God has spoken in his holiness : With exultation I will divide up Shechem and portion out the Vale of Succoth,
Gilead is mine,
    Manasseh is mine,

[Chorus]
Oh, grant us help against the foe,
    for vain is the salvation of man,
Oh, grant us help against the foe,
    He Will Tread Down Our Foes.

[Verse]
you have given us wine to drink that made us stagger,
    You have set up a banner for those who fear you,
that they may flee to it from the bow,
    That your beloved ones may be delivered,

[pre-chorus]
give salvation by your right hand and answer us,
    God has spoken in his holiness : With exultation I will divide up Shechem and portion out the Vale of Succoth,
Gilead is mine,
    Manasseh is mine,

[Chorus]
Oh, grant us help against the foe,
    for vain is the salvation of man,
Oh, grant us help against the foe,
    He Will Tread Down Our Foes.

[Bridge | Stripped Back | Intimate]
Moab is my washbasin,
    upon Edom I cast my shoe,
over Philistia I shout in triumph,
    Who will bring me to the fortified city? Who will lead me to Edom,

[Breakdown | Building | Full Band]
Have you not rejected us,
    O God? You do not go forth,
O God, with our armies,
    Oh, grant us help against the foe,
",,false,chirp-fenix
,"[Intro]

[Verse]
Hear my cry, O God, listen to my prayer,
    from the end of the earth I call to you when my heart is faint,
Lead me to the rock that is higher than I,
    for you have been my refuge,

[pre-chorus]
a strong tower against the enemy,
    Let me dwell in your tent forever! Let me take refuge under the shelter of your wings,
For you, O God, have heard my vows,
    you have given me the heritage of those who fear your name,

[Chorus]
May he be enthroned forever before God,
    appoint steadfast love and faithfulness to watch over him,
May he be enthroned forever before God,
    Lead Me to the Rock.

[Verse]
a strong tower against the enemy,
    Let me dwell in your tent forever! Let me take refuge under the shelter of your wings,
For you, O God, have heard my vows,
    you have given me the heritage of those who fear your name,

[pre-chorus]
a strong tower against the enemy,
    Let me dwell in your tent forever! Let me take refuge under the shelter of your wings,
For you, O God, have heard my vows,
    you have given me the heritage of those who fear your name,

[Chorus]
May he be enthroned forever before God,
    appoint steadfast love and faithfulness to watch over him,
May he be enthroned forever before God,
    Lead Me to the Rock.

[Bridge | Stripped Back | Intimate]
Prolong the life of the king,
    may his years endure to all generations,
May he be enthroned forever before God,
    appoint steadfast love and faithfulness to watch over him,

[Breakdown | Building | Full Band]
So will I ever sing praises to your name,
    as I perform my vows day after day,
Prolong the life of the king,
    may his years endure to all generations,
",,false,chirp-fenix
,"[Intro]

[Verse]
For God alone my soul waits in silence,
    from him comes my salvation,
He alone is my rock and my salvation, my fortress,
    I shall not be greatly shaken,

[pre-chorus]
I shall not be shaken,
    On God rests my salvation and my glory,
my mighty rock, my refuge is God,
    Trust in him at all times, O people,

[Chorus]
Once God has spoken,
    twice have I heard this : that power belongs to God,
Once God has spoken,
    My Soul Waits for God Alone.

[Verse]
For God alone,
    O my soul, wait in silence,
for my hope is from him,
    He only is my rock and my salvation, my fortress,

[pre-chorus]
I shall not be shaken,
    On God rests my salvation and my glory,
my mighty rock, my refuge is God,
    Trust in him at all times, O people,

[Chorus]
Once God has spoken,
    twice have I heard this : that power belongs to God,
Once God has spoken,
    My Soul Waits for God Alone.

[Bridge | Stripped Back | Intimate]
Those of low estate are but a breath,
    those of high estate are a delusion,
in the balances they go up,
    they are together lighter than a breath,

[Breakdown | Building | Full Band]
Put no trust in extortion,
    set no vain hopes on robbery,
if riches increase, set not your heart on them,
    Once God has spoken,
",,false,chirp-fenix
,"[Intro]

[Verse]
O God, you are my God,
    earnestly I seek you,
my soul thirsts for you,
    my flesh faints for you,

[pre-chorus]
and my mouth will praise you with joyful lips,
    when I remember you upon my bed,
and meditate on you in the watches of the night,
    for you have been my help,

[Chorus]
they shall be a portion for jackals,
    But the king shall rejoice in God,
they shall be a portion for jackals,
    My Soul Thirsts for You.

[Verse]
my lips will praise you,
    So I will bless you as long as I live,
in your name I will lift up my hands,
    My soul will be satisfied as with fat and rich food,

[pre-chorus]
and my mouth will praise you with joyful lips,
    when I remember you upon my bed,
and meditate on you in the watches of the night,
    for you have been my help,

[Chorus]
they shall be a portion for jackals,
    But the king shall rejoice in God,
they shall be a portion for jackals,
    My Soul Thirsts for You.

[Bridge | Stripped Back | Intimate]
and in the shadow of your wings I will sing for joy,
    My soul clings to you,
your right hand upholds me,
    But those who seek to destroy my life shall go down into the depths of the earth,

[Breakdown | Building | Full Band]
they shall be given over to the power of the sword,
    they shall be a portion for jackals,
But the king shall rejoice in God,
    all who swear by him shall exult,
",,false,chirp-fenix
,"[Intro]

[Verse]
Hear my voice, O God, in my complaint,
    preserve my life from dread of the enemy,
Hide me from the secret plots of the wicked,
    from the throng of evildoers,

[pre-chorus]
shooting at him suddenly and without fear,
    They hold fast to their evil purpose,
they talk of laying snares secretly,
    thinking, Who can see them,

[Chorus]
all who see them will wag their heads,
    Then all mankind fears,
all who see them will wag their heads,
    Hide Me from the Wicked.

[Verse]
shooting at him suddenly and without fear,
    They hold fast to their evil purpose,
they talk of laying snares secretly,
    thinking, Who can see them,

[pre-chorus]
shooting at him suddenly and without fear,
    They hold fast to their evil purpose,
they talk of laying snares secretly,
    thinking, Who can see them,

[Chorus]
all who see them will wag their heads,
    Then all mankind fears,
all who see them will wag their heads,
    Hide Me from the Wicked.

[Bridge | Stripped Back | Intimate]
But God shoots his arrow at them,
    they are wounded suddenly,
They are brought to ruin,
    with their own tongues turned against them,

[Breakdown | Building | Full Band]
all who see them will wag their heads,
    Then all mankind fears,
they tell what God has brought about and ponder what he has done,
    Let the righteous one rejoice in the Lord and take refuge in him! Let all the upright in heart exult,
",,false,chirp-fenix
,"[Intro]

[Verse]
Praise is due to you,
    O God, in Zion,
and to you shall vows be performed,
    O you who hear prayer, to you shall all flesh come,

[pre-chorus]
the roaring of their waves,
    the tumult of the peoples,
so that those who dwell at the ends of the earth are in awe at your signs,
    You make the going out of the morning and the evening to shout for joy,

[Chorus]
the hills gird themselves with joy,
    the meadows clothe themselves with flocks,
the hills gird themselves with joy,
    O God of Our Salvation.

[Verse]
the hope of all the ends of the earth and of the farthest seas,
    the one who by his strength established the mountains,
being girded with might,
    who stills the roaring of the seas,

[pre-chorus]
the roaring of their waves,
    the tumult of the peoples,
so that those who dwell at the ends of the earth are in awe at your signs,
    You make the going out of the morning and the evening to shout for joy,

[Chorus]
the hills gird themselves with joy,
    the meadows clothe themselves with flocks,
the hills gird themselves with joy,
    O God of Our Salvation.

[Bridge | Stripped Back | Intimate]
you provide their grain, for so you have prepared it,
    You water its furrows abundantly,
settling its ridges,
    softening it with showers,

[Breakdown | Building | Full Band]
and blessing its growth,
    You crown the year with your bounty,
your wagon tracks overflow with abundance,
    The pastures of the wilderness overflow,
",,false,chirp-fenix
,"[Intro]

[Verse]
Shout for joy to God, all the earth,
    sing the glory of his name,
give to him glorious praise,
    Say to God, How awesome are your deeds! So great is your power that your enemies come cringing to you,

[pre-chorus]
You brought us into the net,
    you laid a crushing burden on our backs,
you let men ride over our heads,
    we went through fire and through water,

[Chorus]
But truly God has listened,
    he has attended to the voice of my prayer,
But truly God has listened,
    How Awesome Are Your Deeds.

[Verse]
let the sound of his praise be heard,
    who has kept our soul among the living and has not let our feet slip,
For you, O God, have tested us,
    you have tried us as silver is tried,

[pre-chorus]
You brought us into the net,
    you laid a crushing burden on our backs,
you let men ride over our heads,
    we went through fire and through water,

[Chorus]
But truly God has listened,
    he has attended to the voice of my prayer,
But truly God has listened,
    How Awesome Are Your Deeds.

[Bridge | Stripped Back | Intimate]
with the smoke of the sacrifice of rams,
    I will make an offering of bulls and goats,
Come and hear,
    all you who fear God,

[Breakdown | Building | Full Band]
and I will tell what he has done for my soul,
    I cried to him with my mouth,
and high praise was on my tongue,
    If I had cherished iniquity in my heart,
",,false,chirp-fenix
,"[Intro]

[Verse]
May God be gracious to us and bless us and make his face to shine upon us,
    that your way may be known on earth,
your saving power among all nations,
    Let the peoples praise you, O God,

[pre-chorus]
let all the peoples praise you,
    Let the nations be glad and sing for joy,
for you judge the peoples with equity and guide the nations upon earth,
    Let the peoples praise you, O God,

[Chorus]
The earth has yielded its increase,
    God, our God, shall bless us,
The earth has yielded its increase,
    Make Your Face Shine upon Us.

[Verse]
let all the peoples praise you,
    Let the nations be glad and sing for joy,
for you judge the peoples with equity and guide the nations upon earth,
    Let the peoples praise you, O God,

[pre-chorus]
let all the peoples praise you,
    Let the nations be glad and sing for joy,
for you judge the peoples with equity and guide the nations upon earth,
    Let the peoples praise you, O God,

[Chorus]
The earth has yielded its increase,
    God, our God, shall bless us,
The earth has yielded its increase,
    Make Your Face Shine upon Us.

[Bridge | Stripped Back | Intimate]
let all the peoples praise you,
    The earth has yielded its increase,
God, our God, shall bless us,
    God shall bless us,

[Breakdown | Building | Full Band]
let all the ends of the earth fear him,
    let all the peoples praise you,
The earth has yielded its increase,
    God, our God, shall bless us,
",,false,chirp-fenix
,"[Intro]

[Verse]
God shall arise, his enemies shall be scattered,
    and those who hate him shall flee before him,
As smoke is driven away, so you shall drive them away,
    as wax melts before fire,

[pre-chorus]
O many-peaked mountain, mountain of Bashan,
    Why do you look with hatred,
O many-peaked mountain,
    at the mount that God desired for his abode,

[Chorus]
and whose power is in the skies,
    Awesome is God from his sanctuary,
and whose power is in the skies,
    God Shall Scatter His Enemies.

[Verse]
its pinions with shimmering gold,
    When the Almighty scatters kings there,
let snow fall on Zalmon,
    O mountain of God, mountain of Bashan,

[pre-chorus]
O many-peaked mountain, mountain of Bashan,
    Why do you look with hatred,
O many-peaked mountain,
    at the mount that God desired for his abode,

[Chorus]
and whose power is in the skies,
    Awesome is God from his sanctuary,
and whose power is in the skies,
    God Shall Scatter His Enemies.

[Bridge | Stripped Back | Intimate]
my King, into the sanctuary —,
    the singers in front,
the musicians last,
    between them virgins playing tambourines,

[Breakdown | Building | Full Band]
Bless God in the great congregation,
    the Lord, O you who are of Israel’s fountain,
There is Benjamin,
    the least of them,
",,false,chirp-fenix
,"[Intro]

[Verse]
Save me, O God! For the waters have come up to my neck,
    I sink in deep mire, where there is no foothold,
I have come into deep waters,
    and the flood sweeps over me,

[pre-chorus]
O God, in the abundance of your steadfast love answer me in your saving faithfulness,
    Deliver me from sinking in the mire,
let me be delivered from my enemies and from the deep waters,
    Let not the flood sweep over me,

[Chorus]
For God will save Zion and build up the cities of Judah,
    and people shall dwell there and possess it,
For God will save Zion and build up the cities of Judah,
    Save Me, O God.

[Verse]
I am the talk of those who sit in the gate,
    and the drunkards make songs about me,
But as for me, my prayer is to you, O Lord,
    At an acceptable time,

[pre-chorus]
O God, in the abundance of your steadfast love answer me in your saving faithfulness,
    Deliver me from sinking in the mire,
let me be delivered from my enemies and from the deep waters,
    Let not the flood sweep over me,

[Chorus]
For God will save Zion and build up the cities of Judah,
    and people shall dwell there and possess it,
For God will save Zion and build up the cities of Judah,
    Save Me, O God.

[Bridge | Stripped Back | Intimate]
Let their own table before them become a snare,
    and when they are at peace, let it become a trap,
Let their eyes be darkened,
    so that they cannot see,

[Breakdown | Building | Full Band]
and make their loins tremble continually,
    Pour out your indignation upon them,
and let your burning anger overtake them,
    May their camp be a desolation,
",,false,chirp-fenix
,"[Intro]

[Verse]
Make haste, O God,
    to deliver me! O Lord,
make haste to help me,
    Let them be put to shame and confusion who seek my life! Let them be turned back and brought to dishonor who delight in my hurt,

[pre-chorus]
make haste to help me,
    Let them be put to shame and confusion who seek my life! Let them be turned back and brought to dishonor who delight in my hurt,
Let them turn back because of their shame who say,
    Aha, Aha,

[Chorus]
make haste to help me,
    Let them be put to shame and confusion who seek my life! Let them be turned back and brought to dishonor who delight in my hurt,
make haste to help me,
    O Lord, Do Not Delay.

[Verse]
hasten to me, O God! You are my help and my deliverer,
    O Lord, do not delay,
Make haste, O God,
    to deliver me! O Lord,

[pre-chorus]
make haste to help me,
    Let them be put to shame and confusion who seek my life! Let them be turned back and brought to dishonor who delight in my hurt,
Let them turn back because of their shame who say,
    Aha, Aha,

[Chorus]
make haste to help me,
    Let them be put to shame and confusion who seek my life! Let them be turned back and brought to dishonor who delight in my hurt,
make haste to help me,
    O Lord, Do Not Delay.

[Bridge | Stripped Back | Intimate]
God is great,
    But I am poor and needy,
hasten to me, O God! You are my help and my deliverer,
    O Lord, do not delay,

[Breakdown | Building | Full Band]
Make haste, O God,
    to deliver me! O Lord,
make haste to help me,
    Let them be put to shame and confusion who seek my life! Let them be turned back and brought to dishonor who delight in my hurt,
",,false,chirp-fenix
,"[Intro]

[Verse]
, O Lord, do I take refuge,
    let me never be put to shame,
In your righteousness deliver me and rescue me,
    incline your ear to me, and save me,

[pre-chorus]
forsake me not when my strength is spent,
    For my enemies speak concerning me,
those who watch for my life consult together,
    and say, God has forsaken him,

[Chorus]
My lips will shout for joy, when I sing praises to you,
    my soul also, which you have redeemed,
My lips will shout for joy, when I sing praises to you,
    Forsake Me Not When My Strength Is Spent In you.

[Verse]
but you are my strong refuge,
    My mouth is filled with your praise,
and with your glory all the day,
    Do not cast me off in the time of old age,

[pre-chorus]
forsake me not when my strength is spent,
    For my enemies speak concerning me,
those who watch for my life consult together,
    and say, God has forsaken him,

[Chorus]
My lips will shout for joy, when I sing praises to you,
    my soul also, which you have redeemed,
My lips will shout for joy, when I sing praises to you,
    Forsake Me Not When My Strength Is Spent In you.

[Bridge | Stripped Back | Intimate]
I will remind them of your righteousness, yours alone,
    O God, from my youth you have taught me,
and I still proclaim your wondrous deeds,
    So even to old age and gray hairs,

[Breakdown | Building | Full Band]
O God, do not forsake me,
    until I proclaim your might to another generation,
your power to all those to come,
    Your righteousness, O God, reaches the high heavens,
",,false,chirp-fenix
,"[Intro]

[Verse]
Give the king your justice,
    O God, and your righteousness to the royal son,
May he judge your people with righteousness,
    and your poor with justice,

[pre-chorus]
May desert tribes bow down before him,
    and his enemies lick the dust,
May the kings of Tarshish and of the coastlands render him tribute,
    may the kings of Sheba and Seba bring gifts,

[Chorus]
Blessed be his glorious name forever,
    may the whole earth be filled with his glory! Amen and Amen,
Blessed be his glorious name forever,
    Give the King Your Justice.

[Verse]
and peace abound,
    till the moon be no more,
May he have dominion from sea to sea,
    and from the River to the ends of the earth,

[pre-chorus]
May desert tribes bow down before him,
    and his enemies lick the dust,
May the kings of Tarshish and of the coastlands render him tribute,
    may the kings of Sheba and Seba bring gifts,

[Chorus]
Blessed be his glorious name forever,
    may the whole earth be filled with his glory! Amen and Amen,
Blessed be his glorious name forever,
    Give the King Your Justice.

[Bridge | Stripped Back | Intimate]
Long may he live,
    may gold of Sheba be given to him! May prayer be made for him continually,
and blessings invoked for him all the day,
    May there be abundance of grain in the land,

[Breakdown | Building | Full Band]
on the tops of the mountains may it wave,
    may its fruit be like Lebanon,
and may people blossom in the cities like the grass of the field,
    May his name endure forever,
",,false,chirp-fenix
,"[Intro]

[Verse]
Truly God is good to Israel,
    to those who are pure in heart,
But as for me,
    my feet had almost stumbled,

[pre-chorus]
Behold, these are the wicked,
    always at ease, they increase in riches,
All in vain have I kept my heart clean and washed my hands in innocence,
    For all the day long I have been stricken and rebuked every morning,

[Chorus]
you put an end to everyone who is unfaithful to you,
    But for me it is good to be near God,
you put an end to everyone who is unfaithful to you,
    God Is My Strength and Portion Forever.

[Verse]
Therefore his people turn back to them,
    and find no fault in them,
And they say,
    How can God know? Is there knowledge in the Most High,

[pre-chorus]
Behold, these are the wicked,
    always at ease, they increase in riches,
All in vain have I kept my heart clean and washed my hands in innocence,
    For all the day long I have been stricken and rebuked every morning,

[Chorus]
you put an end to everyone who is unfaithful to you,
    But for me it is good to be near God,
you put an end to everyone who is unfaithful to you,
    God Is My Strength and Portion Forever.

[Bridge | Stripped Back | Intimate]
swept away utterly by terrors,
    Like a dream when one awakes,
O Lord, when you rouse yourself,
    you despise them as phantoms,

[Breakdown | Building | Full Band]
When my soul was embittered,
    when I was pricked in heart,
I was brutish and ignorant,
    I was like a beast toward you,
",,false,chirp-fenix
,"[Intro]

[Verse]
O God, why do you cast us off forever? Why does your anger smoke against the sheep of your pasture,
    Remember your congregation,
which you have purchased of old,
    which you have redeemed to be the tribe of your heritage! Remember Mount Zion,

[pre-chorus]
is the foe to scoff? Is the enemy to revile your name forever,
    Why do you hold back your hand,
your right hand? Take it from the fold of your garment and destroy them,
    Yet God my King is from of old,

[Chorus]
remember how the foolish scoff at you all the day,
    Do not forget the clamor of your foes,
remember how the foolish scoff at you all the day,
    Arise, O God, Defend Your Cause.

[Verse]
We do not see our signs,
    there is no longer any prophet,
and there is none among us who knows how long,
    How long, O God,

[pre-chorus]
is the foe to scoff? Is the enemy to revile your name forever,
    Why do you hold back your hand,
your right hand? Take it from the fold of your garment and destroy them,
    Yet God my King is from of old,

[Chorus]
remember how the foolish scoff at you all the day,
    Do not forget the clamor of your foes,
remember how the foolish scoff at you all the day,
    Arise, O God, Defend Your Cause.

[Bridge | Stripped Back | Intimate]
you have established the heavenly lights and the sun,
    You have fixed all the boundaries of the earth,
you have made summer and winter,
    Remember this,

[Breakdown | Building | Full Band]
O Lord, how the enemy scoffs,
    and a foolish people reviles your name,
Do not deliver the soul of your dove to the wild beasts,
    do not forget the life of your poor forever,
",,false,chirp-fenix
,"[Intro]

[Verse]
We give thanks to you, O God,
    we give thanks, for your name is near,
We recount your wondrous deeds,
    At the set time that I appoint I will judge with equity,

[pre-chorus]
I say to the boastful,
    Do not boast,
and to the wicked,
    Do not lift up your horn,

[Chorus]
But I will declare it forever,
    I will sing praises to the God of Jacob,
But I will declare it forever,
    God Will Judge with Equity.

[Verse]
I say to the boastful,
    Do not boast,
and to the wicked,
    Do not lift up your horn,

[pre-chorus]
I say to the boastful,
    Do not boast,
and to the wicked,
    Do not lift up your horn,

[Chorus]
But I will declare it forever,
    I will sing praises to the God of Jacob,
But I will declare it forever,
    God Will Judge with Equity.

[Bridge | Stripped Back | Intimate]
but it is God who executes judgment,
    putting down one and lifting up another,
For in the hand of the Lord there is a cup with foaming wine,
    well mixed, and he pours out from it,

[Breakdown | Building | Full Band]
and all the wicked of the earth shall drain it down to the dregs,
    But I will declare it forever,
I will sing praises to the God of Jacob,
    All the horns of the wicked I will cut off,
",,false,chirp-fenix
,"[Intro]

[Verse]
? To the choirmaster : with stringed instruments,
    A Psalm of Asaph,
A Song,
    In Judah God is known,

[pre-chorus]
they sank into sleep,
    all the men of war were unable to use their hands,
At your rebuke,
    O God of Jacob,

[Chorus]
Make your vows to the Lord your God and perform them,
    let all around him bring gifts to him who is to be feared,
Make your vows to the Lord your God and perform them,
    Who Can Stand Before You.

[Verse]
and the weapons of war,
    Glorious are you,
more majestic than the mountains full of prey,
    The stouthearted were stripped of their spoil,

[pre-chorus]
they sank into sleep,
    all the men of war were unable to use their hands,
At your rebuke,
    O God of Jacob,

[Chorus]
Make your vows to the Lord your God and perform them,
    let all around him bring gifts to him who is to be feared,
Make your vows to the Lord your God and perform them,
    Who Can Stand Before You.

[Bridge | Stripped Back | Intimate]
But you, you are to be feared! Who can stand before you when once your anger is roused,
    From the heavens you uttered judgment,
the earth feared and was still,
    when God arose to establish judgment,

[Breakdown | Building | Full Band]
to save all the humble of the earth,
    Surely the wrath of man shall praise you,
the remnant of wrath you will put on like a belt,
    Make your vows to the Lord your God and perform them,
",,false,chirp-fenix
,"[Intro]

[Verse]
I cry aloud to God, aloud to God, and he will hear me,
    In the day of my trouble I seek the Lord,
in the night my hand is stretched out without wearying,
    my soul refuses to be comforted,

[pre-chorus]
I will remember the deeds of the Lord,
    yes, I will remember your wonders of old,
I will ponder all your work,
    and meditate on your mighty deeds,

[Chorus]
Your way was through the sea,
    your path through the great waters,
Your way was through the sea,
    In the Day of Trouble I Seek the Lord.

[Verse]
Has his steadfast love forever ceased? Are his promises at an end for all time,
    Has God forgotten to be gracious? Has he in anger shut up his compassion,
Then I said, I will appeal to this,
    to the years of the right hand of the Most High,

[pre-chorus]
I will remember the deeds of the Lord,
    yes, I will remember your wonders of old,
I will ponder all your work,
    and meditate on your mighty deeds,

[Chorus]
Your way was through the sea,
    your path through the great waters,
Your way was through the sea,
    In the Day of Trouble I Seek the Lord.

[Bridge | Stripped Back | Intimate]
When the waters saw you,
    O God, when the waters saw you,
they were afraid,
    indeed, the deep trembled,

[Breakdown | Building | Full Band]
The clouds poured out water,
    the skies gave forth thunder,
your arrows flashed on every side,
    The crash of your thunder was in the whirlwind,
",,false,chirp-fenix
,"[Intro]

[Verse]
Give ear, O my people, to my teaching,
    incline your ears to the words of my mouth,
I will open my mouth in a parable,
    I will utter dark sayings from of old,

[pre-chorus]
He caused the east wind to blow in the heavens,
    and by his power he led out the south wind,
he rained meat on them like dust,
    winged birds like the sand of the seas,

[Chorus]
He chose David his servant and took him from the sheepfolds,
    from following the nursing ewes he brought him to shepherd Jacob his people,
He chose David his servant and took him from the sheepfolds,
    Tell the Coming Generation.

[Verse]
Yet he commanded the skies above and opened the doors of heaven,
    and he rained down on them manna to eat and gave them the grain of heaven,
Man ate of the bread of the angels,
    he sent them food in abundance,

[pre-chorus]
He caused the east wind to blow in the heavens,
    and by his power he led out the south wind,
he rained meat on them like dust,
    winged birds like the sand of the seas,

[Chorus]
He chose David his servant and took him from the sheepfolds,
    from following the nursing ewes he brought him to shepherd Jacob his people,
He chose David his servant and took him from the sheepfolds,
    Tell the Coming Generation.

[Bridge | Stripped Back | Intimate]
wrath, indignation,
    and distress,
a company of destroying angels,
    He made a path for his anger,

[Breakdown | Building | Full Band]
he did not spare them from death,
    but gave their lives over to the plague,
He struck down every firstborn in Egypt,
    the firstfruits of their strength in the tents of Ham,
",,false,chirp-fenix
,"[Intro]

[Verse]
? A Psalm of Asaph,
    O God, the nations have come into your inheritance,
they have defiled your holy temple,
    they have laid Jerusalem in ruins,

[pre-chorus]
Do not remember against us our former iniquities,
    let your compassion come speedily to meet us,
for we are brought very low,
    Help us, O God of our salvation,

[Chorus]
But we your people,
    the sheep of your pasture,
But we your people,
    How Long, O Lord.

[Verse]
How long, O Lord? Will you be angry forever? Will your jealousy burn like fire,
    Pour out your anger on the nations that do not know you,
and on the kingdoms that do not call upon your name,
    For they have devoured Jacob and laid waste his habitation,

[pre-chorus]
Do not remember against us our former iniquities,
    let your compassion come speedily to meet us,
for we are brought very low,
    Help us, O God of our salvation,

[Chorus]
But we your people,
    the sheep of your pasture,
But we your people,
    How Long, O Lord.

[Bridge | Stripped Back | Intimate]
for your name’s sake,
    Why should the nations say,
Where is their God? Let the avenging of the outpoured blood of your servants be known among the nations before our eyes,
    Let the groans of the prisoners come before you,

[Breakdown | Building | Full Band]
according to your great power,
    preserve those doomed to die,
Return sevenfold into the lap of our neighbors the taunts with which they have taunted you,
    O Lord,
",,false,chirp-fenix
,"[Intro]

[Verse]
A Testimony,
    Of Asaph, a Psalm,
Give ear, O Shepherd of Israel,
    you who lead Joseph like a flock,

[pre-chorus]
you drove out the nations and planted it,
    You cleared the ground for it,
it took deep root and filled the land,
    The mountains were covered with its shade,

[Chorus]
Then we shall not turn back from you,
    give us life, and we will call upon your name,
Then we shall not turn back from you,
    Restore Us, O God.

[Verse]
and our enemies laugh among themselves,
    Restore us, O God of hosts,
let your face shine, that we may be saved,
    You brought a vine out of Egypt,

[pre-chorus]
you drove out the nations and planted it,
    You cleared the ground for it,
it took deep root and filled the land,
    The mountains were covered with its shade,

[Chorus]
Then we shall not turn back from you,
    give us life, and we will call upon your name,
Then we shall not turn back from you,
    Restore Us, O God.

[Bridge | Stripped Back | Intimate]
and all that move in the field feed on it,
    Turn again, O God of hosts! Look down from heaven,
and see,
    have regard for this vine,

[Breakdown | Building | Full Band]
the stock that your right hand planted,
    and for the son whom you made strong for yourself,
They have burned it with fire,
    they have cut it down,
",,false,chirp-fenix
,"[Intro]

[Verse]
Sing aloud to God our strength,
    shout for joy to the God of Jacob,
Raise a song,
    sound the tambourine, the sweet lyre with the harp,

[pre-chorus]
I tested you at the waters of Meribah,
    Hear, O my people,
while I admonish you! O Israel,
    if you would but listen to me,

[Chorus]
Those who hate the Lord would cringe toward him,
    and their fate would last forever,
Those who hate the Lord would cringe toward him,
    Oh, That My People Would Listen to Me.

[Verse]
I relieved your shoulder of the burden,
    your hands were freed from the basket,
In distress you called, and I delivered you,
    I answered you in the secret place of thunder,

[pre-chorus]
I tested you at the waters of Meribah,
    Hear, O my people,
while I admonish you! O Israel,
    if you would but listen to me,

[Chorus]
Those who hate the Lord would cringe toward him,
    and their fate would last forever,
Those who hate the Lord would cringe toward him,
    Oh, That My People Would Listen to Me.

[Bridge | Stripped Back | Intimate]
who brought you up out of the land of Egypt,
    Open your mouth wide, and I will fill it,
But my people did not listen to my voice,
    Israel would not submit to me,

[Breakdown | Building | Full Band]
So I gave them over to their stubborn hearts,
    to follow their own counsels,
Oh, that my people would listen to me,
    that Israel would walk in my ways,
",,false,chirp-fenix
,"[Intro]

[Verse]
God has taken his place in the divine council,
    in the midst of the gods he holds judgment,
How long will you judge unjustly and show partiality to the wicked,
    Give justice to the weak and the fatherless,

[pre-chorus]
Rescue the weak and the needy,
    deliver them from the hand of the wicked,
They have neither knowledge nor understanding,
    they walk about in darkness,

[Chorus]
like men you shall die,
    and fall like any prince,
like men you shall die,
    Rescue the Weak and Needy.

[Verse]
Rescue the weak and the needy,
    deliver them from the hand of the wicked,
They have neither knowledge nor understanding,
    they walk about in darkness,

[pre-chorus]
Rescue the weak and the needy,
    deliver them from the hand of the wicked,
They have neither knowledge nor understanding,
    they walk about in darkness,

[Chorus]
like men you shall die,
    and fall like any prince,
like men you shall die,
    Rescue the Weak and Needy.

[Bridge | Stripped Back | Intimate]
I said, You are gods, sons of the Most High, all of you,
    nevertheless,
like men you shall die,
    and fall like any prince,

[Breakdown | Building | Full Band]
Arise, O God, judge the earth,
    for you shall inherit all the nations,
I said, You are gods, sons of the Most High, all of you,
    nevertheless,
",,false,chirp-fenix
,"[Intro]

[Verse]
O God, do not keep silence,
    do not hold your peace or be still, O God,
For behold, your enemies make an uproar,
    those who hate you have raised their heads,

[pre-chorus]
Do to them as you did to Midian,
    as to Sisera and Jabin at the river Kishon,
who were destroyed at En-dor,
    who became dung for the ground,

[Chorus]
let them perish in disgrace,
    that they may know that you alone,
let them perish in disgrace,
    O God, Do Not Keep Silence.

[Verse]
Gebal and Ammon and Amalek,
    Philistia with the inhabitants of Tyre,
Asshur also has joined them,
    they are the strong arm of the children of Lot,

[pre-chorus]
Do to them as you did to Midian,
    as to Sisera and Jabin at the river Kishon,
who were destroyed at En-dor,
    who became dung for the ground,

[Chorus]
let them perish in disgrace,
    that they may know that you alone,
let them perish in disgrace,
    O God, Do Not Keep Silence.

[Bridge | Stripped Back | Intimate]
like chaff before the wind,
    As fire consumes the forest,
as the flame sets the mountains ablaze,
    so may you pursue them with your tempest and terrify them with your hurricane,

[Breakdown | Building | Full Band]
Fill their faces with shame,
    that they may seek your name,
O Lord,
    Let them be put to shame and dismayed forever,
",,false,chirp-fenix
,"[Intro]

[Verse]
How lovely is your dwelling place, O Lord of hosts,
    My soul longs, yes, faints for the courts of the Lord,
my heart and flesh sing for joy to the living God,
    Even the sparrow finds a home,

[pre-chorus]
As they go through the Valley of Baca they make it a place of springs,
    the early rain also covers it with pools,
They go from strength to strength,
    each one appears before God in Zion,

[Chorus]
For the Lord God is a sun and shield,
    the Lord bestows favor and honor,
For the Lord God is a sun and shield,
    My Soul Longs for the Courts of the Lord.

[Verse]
Blessed are those who dwell in your house,
    ever singing your praise,
Blessed are those whose strength is in you,
    in whose heart are the highways to Zion,

[pre-chorus]
As they go through the Valley of Baca they make it a place of springs,
    the early rain also covers it with pools,
They go from strength to strength,
    each one appears before God in Zion,

[Chorus]
For the Lord God is a sun and shield,
    the Lord bestows favor and honor,
For the Lord God is a sun and shield,
    My Soul Longs for the Courts of the Lord.

[Bridge | Stripped Back | Intimate]
give ear, O God of Jacob,
    Behold our shield, O God,
look on the face of your anointed,
    For a day in your courts is better than a thousand elsewhere,

[Breakdown | Building | Full Band]
I would rather be a doorkeeper in the house of my God than dwell in the tents of wickedness,
    For the Lord God is a sun and shield,
the Lord bestows favor and honor,
    No good thing does he withhold from those who walk uprightly,
",,false,chirp-fenix
,"[Intro]

[Verse]
Lord, you were favorable to your land,
    you restored the fortunes of Jacob,
You forgave the iniquity of your people,
    you covered all their sin,

[pre-chorus]
O Lord, and grant us your salvation,
    Let me hear what God the Lord will speak,
for he will speak peace to his people,
    to his saints,

[Chorus]
and righteousness looks down from the sky,
    Yes, the Lord will give what is good,
and righteousness looks down from the sky,
    Revive Us Again.

[Verse]
Will you be angry with us forever? Will you prolong your anger to all generations,
    Will you not revive us again,
that your people may rejoice in you,
    Show us your steadfast love,

[pre-chorus]
O Lord, and grant us your salvation,
    Let me hear what God the Lord will speak,
for he will speak peace to his people,
    to his saints,

[Chorus]
and righteousness looks down from the sky,
    Yes, the Lord will give what is good,
and righteousness looks down from the sky,
    Revive Us Again.

[Bridge | Stripped Back | Intimate]
Surely his salvation is near to those who fear him,
    that glory may dwell in our land,
Steadfast love and faithfulness meet,
    righteousness and peace kiss each other,

[Breakdown | Building | Full Band]
Faithfulness springs up from the ground,
    and righteousness looks down from the sky,
Yes, the Lord will give what is good,
    and our land will yield its increase,
",,false,chirp-fenix
,"[Intro]

[Verse]
, O Lord, and answer me, for I am poor and needy,
    Preserve my life, for I am godly,
save your servant, who trusts in you—you are my God,
    Be gracious to me,

[pre-chorus]
O Lord, and shall glorify your name,
    For you are great and do wondrous things,
you alone are God,
    Teach me your way,

[Chorus]
and save the son of your maidservant,
    Show me a sign of your favor,
and save the son of your maidservant,
    Great Is Your Steadfast Love A Prayer of David. Incline your ear.

[Verse]
for you answer me,
    There is none like you among the gods,
O Lord, nor are there any works like yours,
    All the nations you have made shall come and worship before you,

[pre-chorus]
O Lord, and shall glorify your name,
    For you are great and do wondrous things,
you alone are God,
    Teach me your way,

[Chorus]
and save the son of your maidservant,
    Show me a sign of your favor,
and save the son of your maidservant,
    Great Is Your Steadfast Love A Prayer of David. Incline your ear.

[Bridge | Stripped Back | Intimate]
For great is your steadfast love toward me,
    you have delivered my soul from the depths of Sheol,
O God, insolent men have risen up against me,
    a band of ruthless men seeks my life,

[Breakdown | Building | Full Band]
and they do not set you before them,
    But you, O Lord,
are a God merciful and gracious,
    slow to anger and abounding in steadfast love and faithfulness,
",,false,chirp-fenix
,"[Intro]

[Verse]
On the holy mount stands the city he founded,
    the Lord loves the gates of Zion more than all the dwelling places of Jacob,
Glorious things of you are spoken, O city of God,
    Among those who know me I mention Rahab and Babylon,

[pre-chorus]
behold, Philistia and Tyre,
    with Cush — This one was born there,
they say,
    And of Zion it shall be said,

[Chorus]
The Lord records as he registers the peoples,
    This one was born there,
The Lord records as he registers the peoples,
    Glorious Things of You Are Spoken.

[Verse]
behold, Philistia and Tyre,
    with Cush — This one was born there,
they say,
    And of Zion it shall be said,

[pre-chorus]
behold, Philistia and Tyre,
    with Cush — This one was born there,
they say,
    And of Zion it shall be said,

[Chorus]
The Lord records as he registers the peoples,
    This one was born there,
The Lord records as he registers the peoples,
    Glorious Things of You Are Spoken.

[Bridge | Stripped Back | Intimate]
This one and that one were born in her,
    for the Most High himself will establish her,
The Lord records as he registers the peoples,
    This one was born there,

[Breakdown | Building | Full Band]
Singers and dancers alike say,
    All my springs are in you,
This one and that one were born in her,
    for the Most High himself will establish her,
",,false,chirp-fenix
,"[Intro]

[Verse]
O Lord, God of my salvation,
    I cry out day and night before you,
Let my prayer come before you,
    incline your ear to my cry,

[pre-chorus]
you have made me a horror to them,
    I am shut in so that I cannot escape,
my eye grows dim through sorrow,
    Every day I call upon you, O Lord,

[Chorus]
They surround me like a flood all day long,
    they close in on me together,
They surround me like a flood all day long,
    I Cry Out Day and Night Before You.

[Verse]
in the regions dark and deep,
    Your wrath lies heavy upon me,
and you overwhelm me with all your waves,
    You have caused my companions to shun me,

[pre-chorus]
you have made me a horror to them,
    I am shut in so that I cannot escape,
my eye grows dim through sorrow,
    Every day I call upon you, O Lord,

[Chorus]
They surround me like a flood all day long,
    they close in on me together,
They surround me like a flood all day long,
    I Cry Out Day and Night Before You.

[Bridge | Stripped Back | Intimate]
or your righteousness in the land of forgetfulness,
    But I, O Lord, cry to you,
in the morning my prayer comes before you,
    O Lord, why do you cast my soul away? Why do you hide your face from me,

[Breakdown | Building | Full Band]
Afflicted and close to death from my youth up,
    I suffer your terrors,
I am helpless,
    Your wrath has swept over me,
",,false,chirp-fenix
,"[Intro]

[Verse]
I will sing of the steadfast love of the Lord, forever,
    with my mouth I will make known your faithfulness to all generations,
For I said, Steadfast love will be built up forever,
    in the heavens you will establish your faithfulness,

[pre-chorus]
For our shield belongs to the Lord,
    our king to the Holy One of Israel,
Of old you spoke in a vision to your godly one,
    and said : I have granted help to one who is mighty,

[Chorus]
with which your enemies mock,
    O Lord, with which they mock the footsteps of your anointed,
with which your enemies mock,
    I Will Sing of the Steadfast Love of the Lord.

[Verse]
in the light of your face,
    who exult in your name all the day and in your righteousness are exalted,
For you are the glory of their strength,
    by your favor our horn is exalted,

[pre-chorus]
For our shield belongs to the Lord,
    our king to the Holy One of Israel,
Of old you spoke in a vision to your godly one,
    and said : I have granted help to one who is mighty,

[Chorus]
with which your enemies mock,
    O Lord, with which they mock the footsteps of your anointed,
with which your enemies mock,
    I Will Sing of the Steadfast Love of the Lord.

[Bridge | Stripped Back | Intimate]
Once for all I have sworn by my holiness,
    I will not lie to David,
His offspring shall endure forever,
    his throne as long as the sun before me,

[Breakdown | Building | Full Band]
Like the moon it shall be established forever,
    a faithful witness in the skies,
But now you have cast off and rejected,
    you are full of wrath against your anointed,
",,false,chirp-fenix
,"[Intro]

[Verse]
Lord, you have been our dwelling place in all generations,
    Before the mountains were brought forth,
or ever you had formed the earth and the world,
    from everlasting to everlasting you are God,

[pre-chorus]
our secret sins in the light of your presence,
    For all our days pass away under your wrath,
we bring our years to an end like a sigh,
    The years of our life are seventy,

[Chorus]
and your glorious power to their children,
    Let the favor of the Lord our God be upon us,
and your glorious power to their children,
    From Everlasting to Everlasting A Prayer of Moses, the man of God.

[Verse]
in the evening it fades and withers,
    For we are brought to an end by your anger,
by your wrath we are dismayed,
    You have set our iniquities before you,

[pre-chorus]
our secret sins in the light of your presence,
    For all our days pass away under your wrath,
we bring our years to an end like a sigh,
    The years of our life are seventy,

[Chorus]
and your glorious power to their children,
    Let the favor of the Lord our God be upon us,
and your glorious power to their children,
    From Everlasting to Everlasting A Prayer of Moses, the man of God.

[Bridge | Stripped Back | Intimate]
and your wrath according to the fear of you,
    So teach us to number our days that we may get a heart of wisdom,
Return, O Lord! How long? Have pity on your servants,
    Satisfy us in the morning with your steadfast love,

[Breakdown | Building | Full Band]
that we may rejoice and be glad all our days,
    Make us glad for as many days as you have afflicted us,
and for as many years as we have seen evil,
    Let your work be shown to your servants,
",,false,chirp-fenix
,"[Intro]

[Verse]
I will say to the Lord,
    My refuge and my fortress,
my God, in whom I trust,
    For he will deliver you from the snare of the fowler and from the deadly pestilence,

[pre-chorus]
You will only look with your eyes and see the recompense of the wicked,
    Because you have made the Lord your dwelling place — the Most High,
who is my refuge —,
    no evil shall be allowed to befall you,

[Chorus]
When he calls to me, I will answer him,
    I will be with him in trouble,
When he calls to me, I will answer him,
    My Refuge and My Fortress He who dwells in the shelter of the Most High will abide in the shadow of the Almighty.

[Verse]
nor the destruction that wastes at noonday,
    A thousand may fall at your side,
ten thousand at your right hand,
    but it will not come near you,

[pre-chorus]
You will only look with your eyes and see the recompense of the wicked,
    Because you have made the Lord your dwelling place — the Most High,
who is my refuge —,
    no evil shall be allowed to befall you,

[Chorus]
When he calls to me, I will answer him,
    I will be with him in trouble,
When he calls to me, I will answer him,
    My Refuge and My Fortress He who dwells in the shelter of the Most High will abide in the shadow of the Almighty.

[Bridge | Stripped Back | Intimate]
On their hands they will bear you up,
    lest you strike your foot against a stone,
You will tread on the lion and the adder,
    the young lion and the serpent you will trample underfoot,

[Breakdown | Building | Full Band]
Because he holds fast to me in love, I will deliver him,
    I will protect him, because he knows my name,
When he calls to me, I will answer him,
    I will be with him in trouble,
",,false,chirp-fenix
,"[Intro]

[Verse]
A Song for the Sabbath,
    It is good to give thanks to the Lord,
to sing praises to your name,
    O Most High,

[pre-chorus]
that though the wicked sprout like grass and all evildoers flourish,
    they are doomed to destruction forever,
but you, O Lord, are on high forever,
    For behold, your enemies,

[Chorus]
They still bear fruit in old age,
    they are ever full of sap and green,
They still bear fruit in old age,
    How Great Are Your Works A Psalm.

[Verse]
How great are your works,
    O Lord! Your thoughts are very deep,
The stupid man cannot know,
    the fool cannot understand this,

[pre-chorus]
that though the wicked sprout like grass and all evildoers flourish,
    they are doomed to destruction forever,
but you, O Lord, are on high forever,
    For behold, your enemies,

[Chorus]
They still bear fruit in old age,
    they are ever full of sap and green,
They still bear fruit in old age,
    How Great Are Your Works A Psalm.

[Bridge | Stripped Back | Intimate]
all evildoers shall be scattered,
    But you have exalted my horn like that of the wild ox,
you have poured over me fresh oil,
    My eyes have seen the downfall of my enemies,

[Breakdown | Building | Full Band]
my ears have heard the doom of my evil assailants,
    The righteous flourish like the palm tree and grow like a cedar in Lebanon,
They are planted in the house of the Lord,
    they flourish in the courts of our God,
",,false,chirp-fenix
,"[Intro]

[Verse]
he is robed in majesty,
    the Lord is robed,
he has put on strength as his belt,
    Yes, the world is established,

[pre-chorus]
Your throne is established from of old,
    you are from everlasting,
The floods have lifted up,
    O Lord, the floods have lifted up their voice,

[Chorus]
mightier than the waves of the sea,
    the Lord on high is mighty,
mightier than the waves of the sea,
    The Lord Reigns The Lord reigns.

[Verse]
Your throne is established from of old,
    you are from everlasting,
The floods have lifted up,
    O Lord, the floods have lifted up their voice,

[pre-chorus]
Your throne is established from of old,
    you are from everlasting,
The floods have lifted up,
    O Lord, the floods have lifted up their voice,

[Chorus]
mightier than the waves of the sea,
    the Lord on high is mighty,
mightier than the waves of the sea,
    The Lord Reigns The Lord reigns.

[Bridge | Stripped Back | Intimate]
Mightier than the thunders of many waters,
    mightier than the waves of the sea,
the Lord on high is mighty,
    Your decrees are very trustworthy,

[Breakdown | Building | Full Band]
holiness befits your house, O Lord, forevermore,
    Mightier than the thunders of many waters,
mightier than the waves of the sea,
    the Lord on high is mighty,
",,false,chirp-fenix
,"[Intro]

[Verse]
Rise up, O judge of the earth,
    repay to the proud what they deserve,
O Lord, how long shall the wicked,
    how long shall the wicked exult,

[pre-chorus]
the Lord — knows the thoughts of man,
    that they are but a breath,
Blessed is the man whom you discipline,
    O Lord, and whom you teach out of your law,

[Chorus]
But the Lord has become my stronghold,
    and my God the rock of my refuge,
But the Lord has become my stronghold,
    The Lord Will Not Forsake His People O Lord, God of vengeance, O God of vengeance, shine forth.

[Verse]
does he not hear? He who formed the eye,
    does he not see,
He who disciplines the nations,
    does he not rebuke? He who teaches man knowledge —,

[pre-chorus]
the Lord — knows the thoughts of man,
    that they are but a breath,
Blessed is the man whom you discipline,
    O Lord, and whom you teach out of your law,

[Chorus]
But the Lord has become my stronghold,
    and my God the rock of my refuge,
But the Lord has become my stronghold,
    The Lord Will Not Forsake His People O Lord, God of vengeance, O God of vengeance, shine forth.

[Bridge | Stripped Back | Intimate]
If the Lord had not been my help,
    my soul would soon have lived in the land of silence,
When I thought,
    My foot slips,

[Breakdown | Building | Full Band]
your steadfast love,
    O Lord, held me up,
When the cares of my heart are many,
    your consolations cheer my soul,
",,false,chirp-fenix
,"[Intro]

[Verse]
Sing Songs of Praise Oh come, let us sing to the Lord,
    let us make a joyful noise to the rock of our salvation,
Let us come into his presence with thanksgiving,
    let us make a joyful noise to him with songs of praise,

[pre-chorus]
For he is our God,
    and we are the people of his pasture,
and the sheep of his hand,
    Today, if you hear his voice,

[Chorus]
They are a people who go astray in their heart,
    and they have not known my ways,
They are a people who go astray in their heart,
    Let Us.

[Verse]
for he made it,
    and his hands formed the dry land,
Oh come, let us worship and bow down,
    let us kneel before the Lord, our Maker,

[pre-chorus]
For he is our God,
    and we are the people of his pasture,
and the sheep of his hand,
    Today, if you hear his voice,

[Chorus]
They are a people who go astray in their heart,
    and they have not known my ways,
They are a people who go astray in their heart,
    Let Us.

[Bridge | Stripped Back | Intimate]
as at Meribah,
    as on the day at Massah in the wilderness,
when your fathers put me to the test and put me to the proof,
    though they had seen my work,

[Breakdown | Building | Full Band]
For forty years I loathed that generation and said,
    They are a people who go astray in their heart,
and they have not known my ways,
    Therefore I swore in my wrath,
",,false,chirp-fenix
,"[Intro]

[Verse]
sing to the Lord, all the earth,
    Sing to the Lord, bless his name,
tell of his salvation from day to day,
    Declare his glory among the nations,

[pre-chorus]
Ascribe to the Lord the glory due his name,
    bring an offering, and come into his courts,
Worship the Lord in the splendor of holiness,
    tremble before him, all the earth,

[Chorus]
for he comes,
    for he comes to judge the earth,
for he comes,
    Worship in the Splendor of Holiness Oh sing to the Lord a new song.

[Verse]
strength and beauty are in his sanctuary,
    Ascribe to the Lord,
O families of the peoples,
    ascribe to the Lord glory and strength,

[pre-chorus]
Ascribe to the Lord the glory due his name,
    bring an offering, and come into his courts,
Worship the Lord in the splendor of holiness,
    tremble before him, all the earth,

[Chorus]
for he comes,
    for he comes to judge the earth,
for he comes,
    Worship in the Splendor of Holiness Oh sing to the Lord a new song.

[Bridge | Stripped Back | Intimate]
the world is established,
    it shall never be moved,
he will judge the peoples with equity,
    Let the heavens be glad, and let the earth rejoice,

[Breakdown | Building | Full Band]
let the sea roar, and all that fills it,
    let the field exult,
and everything in it! Then shall all the trees of the forest sing for joy,
    before the Lord,
",,false,chirp-fenix
,"[Intro]

[Verse]
let the many coastlands be glad,
    Clouds and thick darkness are all around him,
righteousness and justice are the foundation of his throne,
    Fire goes before him and burns up his adversaries all around,

[pre-chorus]
Zion hears and is glad,
    and the daughters of Judah rejoice,
because of your judgments,
    O Lord,

[Chorus]
and joy for the upright in heart,
    Rejoice in the Lord,
and joy for the upright in heart,
    The Lord Reigns The Lord reigns, let the earth rejoice.

[Verse]
and all the peoples see his glory,
    All worshipers of images are put to shame,
who make their boast in worthless idols,
    worship him, all you gods,

[pre-chorus]
Zion hears and is glad,
    and the daughters of Judah rejoice,
because of your judgments,
    O Lord,

[Chorus]
and joy for the upright in heart,
    Rejoice in the Lord,
and joy for the upright in heart,
    The Lord Reigns The Lord reigns, let the earth rejoice.

[Bridge | Stripped Back | Intimate]
you are exalted far above all gods,
    O you who love the Lord,
hate evil! He preserves the lives of his saints,
    he delivers them from the hand of the wicked,

[Breakdown | Building | Full Band]
Light is sown for the righteous,
    and joy for the upright in heart,
Rejoice in the Lord,
    O you righteous,
",,false,chirp-fenix
,"[Intro]

[Verse]
Oh sing to the Lord a new song,
    for he has done marvelous things! His right hand and his holy arm have worked salvation for him,
The Lord has made known his salvation,
    he has revealed his righteousness in the sight of the nations,

[pre-chorus]
Make a joyful noise to the Lord, all the earth,
    break forth into joyous song and sing praises,
Sing praises to the Lord with the lyre,
    with the lyre and the sound of melody,

[Chorus]
let the hills sing for joy together,
    before the Lord, for he comes to judge the earth,
let the hills sing for joy together,
    Make a Joyful Noise to the Lord A Psalm.

[Verse]
Make a joyful noise to the Lord, all the earth,
    break forth into joyous song and sing praises,
Sing praises to the Lord with the lyre,
    with the lyre and the sound of melody,

[pre-chorus]
Make a joyful noise to the Lord, all the earth,
    break forth into joyous song and sing praises,
Sing praises to the Lord with the lyre,
    with the lyre and the sound of melody,

[Chorus]
let the hills sing for joy together,
    before the Lord, for he comes to judge the earth,
let the hills sing for joy together,
    Make a Joyful Noise to the Lord A Psalm.

[Bridge | Stripped Back | Intimate]
Let the sea roar, and all that fills it,
    the world and those who dwell in it,
Let the rivers clap their hands,
    let the hills sing for joy together,

[Breakdown | Building | Full Band]
before the Lord, for he comes to judge the earth,
    He will judge the world with righteousness,
and the peoples with equity,
    Let the sea roar, and all that fills it,
",,false,chirp-fenix
,"[Intro]

[Verse]
let the peoples tremble! He sits enthroned upon the cherubim,
    let the earth quake,
The Lord is great in Zion,
    he is exalted over all the peoples,

[pre-chorus]
you have executed justice and righteousness in Jacob,
    Exalt the Lord our God,
worship at his footstool! Holy is he,
    Moses and Aaron were among his priests,

[Chorus]
but an avenger of their wrongdoings,
    Exalt the Lord our God,
but an avenger of their wrongdoings,
    The Lord Our God Is Holy The Lord reigns.

[Verse]
you have executed justice and righteousness in Jacob,
    Exalt the Lord our God,
worship at his footstool! Holy is he,
    Moses and Aaron were among his priests,

[pre-chorus]
you have executed justice and righteousness in Jacob,
    Exalt the Lord our God,
worship at his footstool! Holy is he,
    Moses and Aaron were among his priests,

[Chorus]
but an avenger of their wrongdoings,
    Exalt the Lord our God,
but an avenger of their wrongdoings,
    The Lord Our God Is Holy The Lord reigns.

[Bridge | Stripped Back | Intimate]
they kept his testimonies and the statute that he gave them,
    O Lord our God, you answered them,
you were a forgiving God to them,
    but an avenger of their wrongdoings,

[Breakdown | Building | Full Band]
Exalt the Lord our God,
    and worship at his holy mountain,
for the Lord our God is holy,
    they kept his testimonies and the statute that he gave them,
",,false,chirp-fenix
